time_s,contact_count,normal_force_N,arm_tracking_error_rad
0.0,0,0,0.006522908998724641
0.002,0,0,0.006525857208007504
0.004,0,0,0.0065345792743115826
0.006,0,0,0.006548992574228299
0.008,0,0,0.006569037958727249
0.01,0,0,0.006594681943929861
0.012,0,0,0.006625915399261532
0.014,0,0,0.006662750677336789
0.016,0,0,0.006705218100438254
0.018000000000000002,0,0,0.006753362246926178
0.02,0,0,0.006807238262065216
0.022,0,0,0.00686690831472771
0.024,0,0,0.006932438271650601
0.026000000000000002,0,0,0.007003894635495168
0.028,0,0,0.007081341778303811
0.03,0,0,0.007164839491974281
0.032,0,0,0.007254440869237739
0.034,0,0,0.007350190521205925
0.036000000000000004,0,0,0.007452123130496349
0.038,0,0,0.007560262332261981
0.04,0,0,0.007674619909241865
0.042,0,0,0.007795195281518729
0.044,0,0,0.007921975267068365
0.046,0,0,0.008054934085683226
0.048,0,0,0.008194033576408459
0.05,0,0,0.008339223597325831
0.052000000000000005,0,0,0.008490442576265682
0.054,0,0,0.008647618181712148
0.056,0,0,0.008810668084684937
0.058,0,0,0.00897950078450862
0.06,0,0,0.009154016474002883
0.062,0,0,0.009334107922523108
0.064,0,0,0.0095196613583469
0.066,0,0,0.00971055733494215
0.068,0,0,0.009906671568615666
0.07,0,0,0.01010787573782044
0.07200000000000001,0,0,0.010314038236885387
0.074,0,0,0.010525024879213347
0.076,0,0,0.010740699546892767
0.078,0,0,0.010960924785326565
0.08,0,0,0.011185562342819817
0.082,0,0,0.011414473656148132
0.084,0,0,0.01164752028395431
0.08600000000000001,0,0,0.011884564290453873
0.088,0,0,0.012125468582345363
0.09,0,0,0.012370097202109569
0.092,0,0,0.01261831558102863
0.094,0,0,0.012869990755289653
0.096,0,0,0.013124991548526189
0.098,0,0,0.01338318872402078
0.1,0,0,0.013644455109676153
0.10200000000000001,0,0,0.013908665698680423
0.10400000000000001,0,0,0.014175697728590281
0.106,0,0,0.014445430741369144
0.108,0,0,0.014717746626697677
0.11,0,0,0.014992529650672578
0.112,0,0,0.015269666471815567
0.114,0,0,0.01554904614611762
0.116,0,0,0.015830560122670048
0.11800000000000001,0,0,0.016114102231263895
0.12,0,0,0.0163995686631883
0.122,0,0,0.016686857946309436
0.124,0,0,0.016975870915395517
0.126,0,0,0.017266510678520613
0.128,0,0,0.017558682580292303
0.13,0,0,0.01785229416253407
0.132,0,0,0.01814725512299023
0.134,0,0,0.018443477272527306
0.136,0,0,0.018740874491249594
0.138,0,0,0.019039362683889696
0.14,0,0,0.01933885973477236
0.14200000000000002,0,0,0.019639285462613544
0.14400000000000002,0,0,0.019940561575377273
0.146,0,0,0.02024261162536665
0.148,0,0,0.02054536096471155
0.15,0,0,0.020848736701376727
0.152,0,0,0.021152667655789187
0.154,0,0,0.021457084318181715
0.156,0,0,0.021761918806708924
0.158,0,0,0.022067104826391393
0.16,0,0,0.022372577628934215
0.162,0,0,0.022678273973438186
0.164,0,0,0.02298413208803303
0.166,0,0,0.023290091632438975
0.168,0,0,0.023596093661467785
0.17,0,0,0.023902080589455053
0.17200000000000001,0,0,0.02420799615563093
0.17400000000000002,0,0,0.02451378539040635
0.176,0,0,0.024819394582578005
0.178,0,0,0.025124771247427524
0.18,0,0,0.025429864095702043
0.182,0,0,0.025734623003459845
0.184,0,0,0.026038998982760863
0.186,0,0,0.026342944153180226
0.188,0,0,0.026646411714128078
0.19,0,0,0.02694935591795178
0.192,0,0,0.027251732043798237
0.194,0,0,0.027553496372220328
0.196,0,0,0.027854606160498455
0.198,0,0,0.02815501961866359
0.2,0,0,0.028454695886193048
0.202,0,0,0.02875359500936754
0.20400000000000001,0,0,0.029051677919260045
0.20600000000000002,0,0,0.02934890641034213
0.20800000000000002,0,0,0.029645243119690197
0.21,0,0,0.02994065150676327
0.212,0,0,0.03023509583374775
0.214,0,0,0.03052854114643809
0.216,0,0,0.030820953255646155
0.218,0,0,0.03111229871911542
0.22,0,0,0.031402544823929
0.222,0,0,0.03169165956939043
0.224,0,0,0.031979611650369937
0.226,0,0,0.03226637044109166
0.228,0,0,0.03255190597935484
0.23,0,0,0.032836188951174745
0.232,0,0,0.0331191906758255
0.234,0,0,0.03340088309127772
0.23600000000000002,0,0,0.03368123874001422
0.23800000000000002,0,0,0.03396023075521573
0.24,0,0,0.03423783284730178
0.242,0,0,0.03451401929081879
0.244,0,0,0.03478876491166244
0.246,0,0,0.03506204507462397
0.248,0,0,0.035333835671255864
0.25,0,0,0.03560411310803726
0.252,0,0,0.03587285429484142
0.254,0,0,0.03614003663368653
0.256,0,0,0.03640563800776993
0.258,0,0,0.036669636770769544
0.26,0,0,0.03693201173641095
0.262,0,0,0.03719274216828905
0.264,0,0,0.037451807769938776
0.266,0,0,0.037709188675145264
0.268,0,0,0.03796486543849049
0.27,0,0,0.038218819026125506
0.272,0,0,0.03847103080676448
0.274,0,0,0.038721482542896375
0.276,0,0,0.03897015638220106
0.278,0,0,0.039217034849173396
0.28,0,0,0.03946210083694198
0.28200000000000003,0,0,0.03970533759928245
0.28400000000000003,0,0,0.039946728742817156
0.28600000000000003,0,0,0.0401862582193969
0.28800000000000003,0,0,0.04042391031866047
0.29,0,0,0.04065966966076796
0.292,0,0,0.040893521189299196
0.294,0,0,0.041125450164319406
0.296,0,0,0.0413554421556033
0.298,0,0,0.04158348303601224
0.3,0,0,0.04180955897502693
0.302,0,0,0.0420336564324233
0.304,0,0,0.04225576215209533
0.306,0,0,0.04247586315601733
0.308,0,0,0.04269394673834158
0.31,0,0,0.042910000459628415
0.312,0,0,0.043124012141211795
0.314,0,0,0.04333596985968159
0.316,0,0,0.04354586194150015
0.318,0,0,0.04375367695773073
0.32,0,0,0.043959403718889026
0.322,0,0,0.04416303126990532
0.324,0,0,0.04436454888520132
0.326,0,0,0.04456394606387615
0.328,0,0,0.0447612125249951
0.33,0,0,0.044956338202987264
0.332,0,0,0.04514931324314242
0.334,0,0,0.04534012799720567
0.336,0,0,0.04552877301907134
0.338,0,0,0.04571523906057021
0.34,0,0,0.04589951706734874
0.342,0,0,0.046081598174838305
0.34400000000000003,0,0,0.0462614737043124
0.34600000000000003,0,0,0.046439135159032245
0.34800000000000003,0,0,0.046614574220470675
0.35000000000000003,0,0,0.04678778274462499
0.352,0,0,0.04695875275840367
0.354,0,0,0.04712747645609674
0.356,0,0,0.04729394619591818
0.358,0,0,0.04745815449662587
0.36,0,0,0.0476200940342131
0.362,0,0,0.04777975763867361
0.364,0,0,0.04793713829083351
0.366,0,0,0.048092229119253406
0.368,0,0,0.048245023397196676
0.37,0,0,0.04839551453966352
0.372,0,0,0.048543696100486616
0.374,0,0,0.04868956176949373
0.376,0,0,0.048833105369724884
0.378,0,0,0.04897432085471523
0.38,0,0,0.049113202305831875
0.382,0,0,0.049249743929670915
0.384,0,0,0.04938394005550728
0.386,0,0,0.04951578513280207
0.388,0,0,0.049645273728760056
0.39,0,0,0.04977240052594278
0.392,0,0,0.04989716031992936
0.394,0,0,0.05001954801703169
0.396,0,0,0.05013955863205205
0.398,0,0,0.05025718728609562
0.4,0,0,0.05037242920442461
0.402,0,0,0.0504852797143604
0.404,0,0,0.05059573424323068
0.406,0,0,0.050703788316359605
0.40800000000000003,0,0,0.05080943755510054
0.41000000000000003,0,0,0.05091267767491386
0.41200000000000003,0,0,0.051013504483480035
0.41400000000000003,0,0,0.05111191387886024
0.41600000000000004,0,0,0.05120790184769013
0.418,0,0,0.051301464463415165
0.42,0,0,0.051392597884564996
0.422,0,0,0.0514812983530612
0.424,0,0,0.05156756219256419
0.426,0,0,0.05165138580685554
0.428,0,0,0.05173276567825277
0.43,0,0,0.05181169836605994
0.432,0,0,0.051888180505053665
0.434,0,0,0.05196220880399532
0.436,0,0,0.05203378004418354
0.438,0,0,0.052102891078031
0.44,0,0,0.05216953882767713
0.442,0,0,0.05223372028362683
0.444,0,0,0.05229543250342201
0.446,0,0,0.05235467261033951
0.448,0,0,0.05241143779211946
0.45,0,0,0.05246572529971969
0.452,0,0,0.052517532446098976
0.454,0,0,0.052566856605024706
0.456,0,0,0.0526136952099104
0.458,0,0,0.052658045752674305
0.46,0,0,0.05269990578262774
0.462,0,0,0.05273927290538428
0.464,0,0,0.052776144781796444
0.466,0,0,0.052810519126913126
0.468,0,0,0.05284239370896379
0.47000000000000003,0,0,0.052871766348361035
0.47200000000000003,0,0,0.052898634916731496
0.47400000000000003,0,0,0.052922997335962764
0.47600000000000003,0,0,0.05294485157727676
0.47800000000000004,0,0,0.05296419566032142
0.48,0,0,0.05298102765228491
0.482,0,0,0.05299534566702997
0.484,0,0,0.053007147864247935
0.486,0,0,0.05301643244863303
0.488,0,0,0.053023197669076594
0.49,0,0,0.0530274418178797
0.492,0,0,0.053029163229984286
0.494,0,0,0.053028360282225726
0.496,0,0,0.053025031392599724
0.498,0,0,0.053019175019548795
0.5,0,0,0.05301078966126808
0.502,0,0,0.05299987385502635
0.504,0,0,0.052986426176505334
0.506,0,0,0.05297044523915546
0.508,0,0,0.052951929693567726
0.51,0,0,0.05293087822686549
0.512,0,0,0.05290728956210749
0.514,0,0,0.052881162457710004
0.516,0,0,0.05285249570688454
0.518,0,0,0.05282128813709076
0.52,0,0,0.05278753860950496
0.522,0,0,0.05275124601850404
0.524,0,0,0.05271240929116471
0.526,0,0,0.05267102738677616
0.528,0,0,0.052627099296371695
0.53,0,0,0.052580624042269944
0.532,0,0,0.05253160067763411
0.534,0,0,0.052480028286045165
0.536,0,0,0.052425905981087643
0.538,0,0,0.052369232905953474
0.54,0,0,0.05231000823305512
0.542,0,0,0.05224823116365864
0.544,0,0,0.052183900927525055
0.546,0,0,0.05211701678256927
0.548,0,0,0.05204757801453441
0.55,0,0,0.051975583936675084
0.552,0,0,0.05190103388946075
0.554,0,0,0.05182392724028709
0.556,0,0,0.05174426338320673
0.558,0,0,0.051662041738670915
0.56,0,0,0.05157726175328644
0.562,0,0,0.05148992289958719
0.5640000000000001,0,0,0.05140002467581717
0.5660000000000001,0,0,0.05130756660573291
0.5680000000000001,0,0,0.05121254823841508
0.5700000000000001,0,0,0.05111496914809842
0.5720000000000001,0,0,0.05101482893401485
0.5740000000000001,0,0,0.050912127220251374
0.5760000000000001,0,0,0.050806863655623764
0.578,0,0,0.05069903791356453
0.58,0,0,0.050588649692027816
0.582,0,0,0.05047569871340852
0.584,0,0,0.05036018472447853
0.586,0,0,0.050242107496337625
0.588,0,0,0.05012146682438414
0.59,0,0,0.04999826252829878
0.592,0,0,0.049872494452047667
0.594,0,0,0.049744162463902744
0.596,0,0,0.04961326645648038
0.598,0,0,0.04947980634679915
0.6,0,0,0.04934378207635447
0.602,0,0,0.04920519361121411
0.604,0,0,0.04906404094213575
0.606,0,0,0.04892032408470099
0.608,0,0,0.04877404307947355
0.61,0,0,0.04862519799217899
0.612,0,0,0.04847378891390642
0.614,0,0,0.04831981596133448
0.616,0,0,0.04816327927698139
0.618,0,0,0.04800417902947899
0.62,0,0,0.047842515413874284
0.622,0,0,0.04767828865195762
0.624,0,0,0.04751149899261874
0.626,0,0,0.04734214671223207
0.628,0,0,0.04717023211507262
0.63,0,0,0.04699575553376357
0.632,0,0,0.046818717329755774
0.634,0,0,0.04663911789384505
0.636,0,0,0.04645695764672061
0.638,0,0,0.046272237039556005
0.64,0,0,0.046084956554634966
0.642,0,0,0.045895116706022566
0.644,0,0,0.04570271804027682
0.646,0,0,0.04550776113720755
0.648,0,0,0.04531024661068036
0.65,0,0,0.04511017510947351
0.652,0,0,0.044907547318185186
0.654,0,0,0.044702363958197135
0.656,0,0,0.0444946257886959
0.658,0,0,0.04428433360775502
0.66,0,0,0.044071488253483636
0.662,0,0,0.0438560906052412
0.664,0,0,0.04363814158492441
0.666,0,0,0.04341764215833148
0.668,0,0,0.04319459333660465
0.67,0,0,0.042968996177760094
0.672,0,0,0.04274085178830593
0.674,0,0,0.04251016132495517
0.676,0,0,0.042276925996442415
0.678,0,0,0.04204114706544192
0.68,0,0,0.0418028258506079
0.682,0,0,0.04156196372872533
0.684,0,0,0.04131856213699761
0.686,0,0,0.041072622575465075
0.6880000000000001,0,0,0.04082414660957129
0.6900000000000001,0,0,0.04057313587288209
0.6920000000000001,0,0,0.0403195920699704
0.6940000000000001,0,0,0.040063516979476244
0.6960000000000001,0,0,0.039804912457352626
0.6980000000000001,0,0,0.03954378044031273
0.7000000000000001,0,0,0.03928012294949002
0.7020000000000001,0,0,0.03901394209432645
0.704,0,0,0.038745240076705365
0.706,0,0,0.03847401919534415
0.708,0,0,0.03820028185046919
0.71,0,0,0.03792403054878944
0.712,0,0,0.03764526790879283
0.714,0,0,0.037363996666389246
0.716,0,0,0.037080219680922226
0.718,0,0,0.03679393994158473
0.72,0,0,0.03650516057426186
0.722,0,0,0.03621388484883831
0.724,0,0,0.035920116187004775
0.726,0,0,0.035623858170603165
0.728,0,0,0.035325114550553635
0.73,0,0,0.03502388925641088
0.732,0,0,0.03472018640659971
0.734,0,0,0.03441401031938577
0.736,0,0,0.034105365524646325
0.738,0,0,0.03379425677650301
0.74,0,0,0.03348068906689568
0.742,0,0,0.03316466764017279
0.744,0,0,0.03284619800879674
0.746,0,0,0.03252528597025014
0.748,0,0,0.032201937625262016
0.75,0,0,0.031876159397468344
0.752,0,0,0.03154795805463961
0.754,0,0,0.031217340731620545
0.756,0,0,0.030884314955148047
0.758,0,0,0.03054888867071942
0.76,0,0,0.030211070271714612
0.762,0,0,0.029870868630994394
0.764,0,0,0.02952829313521564
0.766,0,0,0.029183353722141096
0.768,0,0,0.02883606092125051
0.77,0,0,0.02848642589799058
0.772,0,0,0.028134460502049728
0.774,0,0,0.02778017732008483
0.776,0,0,0.02742358973338106
0.778,0,0,0.027064711980984493
0.78,0,0,0.026703559228917307
0.782,0,0,0.026340147646160713
0.784,0,0,0.02597449448817964
0.786,0,0,0.02560661818886847
0.788,0,0,0.0252365384619104
0.79,0,0,0.024864276412676502
0.792,0,0,0.024489854661948963
0.794,0,0,0.024113297482932165
0.796,0,0,0.023734630953214503
0.798,0,0,0.023353883123597784
0.8,0,0,0.022971084205970334
0.802,0,0,0.022595085699467277
0.804,0,0,0.022234586479755975
0.806,0,0,0.021889322175680247
0.808,0,0,0.021559033920760556
0.81,0,0,0.02124348163273286
0.812,0,0,0.02094244964058061
0.8140000000000001,0,0,0.020655748938441434
0.8160000000000001,0,0,0.020383217760630023
0.8180000000000001,0,0,0.020124721220780333
0.8200000000000001,0,0,0.019880150368248372
0.8220000000000001,0,0,0.01964942084081555
0.8240000000000001,0,0,0.019432471210295232
0.8260000000000001,0,0,0.01922926107754446
0.8280000000000001,0,0,0.019039768953997154
0.8300000000000001,0,0,0.0188639899581353
0.8320000000000001,0,0,0.018701933352367785
0.834,0,0,0.01855361994594008
0.836,0,0,0.0184190793914083
0.838,0,0,0.018298347404939443
0.84,0,0,0.018191462943743703
0.842,0,0,0.018098465376821023
0.844,0,0,0.018019391687644364
0.846,0,0,0.017954273749048382
0.848,0,0,0.017903135711293903
0.85,0,0,0.0178659915437942
0.852,0,0,0.017842842769263262
0.854,0,0,0.01783367642597896
0.856,0,0,0.017838463289550528
0.858,0,0,0.01785715638008511
0.86,0,0,0.01788968977420965
0.862,0,0,0.017935977734232215
0.864,0,0,0.017995914159161474
0.866,0,0,0.018069372354627803
0.868,0,0,0.018156205111345775
0.87,0,0,0.018256245074895438
0.872,0,0,0.018369305383579736
0.874,0,0,0.018495180546147908
0.876,0,0,0.018633647527398135
0.878,0,0,0.01878446700717417
0.88,0,0,0.018947384777040336
0.882,0,0,0.019122133238903948
0.884,0,0,0.01930843297092074
0.886,0,0,0.01950599432802776
0.888,0,0,0.019714519047173685
0.89,0,0,0.019933701830623107
0.892,0,0,0.020163231884331733
0.894,0,0,0.020402794392197936
0.896,0,0,0.020652071910802237
0.898,0,0,0.020910745672918195
0.9,0,0,0.02117849679152903
0.902,0,0,0.02145500735919429
0.904,0,0,0.02173996144039465
0.906,0,0,0.02203304595683641
0.908,0,0,0.0223339514676972
0.91,0,0,0.022642372848378264
0.912,0,0,0.02295800987257977
0.914,0,0,0.023280567703419207
0.916,0,0,0.02360975729994416
0.918,0,0,0.023945295745756694
0.92,0,0,0.024286906506635765
0.922,0,0,0.024634319624028417
0.924,0,0,0.024987271851135535
0.926,0,0,0.025345506738064603
0.928,0,0,0.025708774672190102
0.93,0,0,0.026076832879478554
0.932,0,0,0.02644944539211702
0.934,0,0,0.02682638298734874
0.936,0,0,0.0272074231019819
0.9380000000000001,0,0,0.02759234972660639
0.9400000000000001,0,0,0.027980953283133863
0.9420000000000001,0,0,0.02837303048888365
0.9440000000000001,0,0,0.028768384210058486
0.9460000000000001,0,0,0.029166823307113555
0.9480000000000001,0,0,0.029568162474199352
0.9500000000000001,0,0,0.029972222074566894
0.9520000000000001,0,0,0.03037882797356383
0.9540000000000001,0,0,0.030787811370607064
0.9560000000000001,0,0,0.03119900863131229
0.9580000000000001,0,0,0.03161226112076275
0.96,0,0,0.0320274150387416
0.962,0,0,0.03244432125759978
0.964,0,0,0.032862835163303857
0.966,0,0,0.033282816500098365
0.968,0,0,0.033704129219118514
0.97,0,0,0.03412664133120679
0.972,0,0,0.03455022476411318
0.974,0,0,0.03497475522420345
0.976,0,0,0.035400112062740026
0.978,0,0,0.03582617814676639
0.98,0,0,0.036252839734580294
0.982,0,0,0.036679986355759156
0.984,0,0,0.03710751069567253
0.986,0,0,0.037535308484396006
0.988,0,0,0.037963278389929966
0.99,0,0,0.03839132191560767
0.992,0,0,0.038819343301575084
0.994,0,0,0.039247249430214445
0.996,0,0,0.03967494973537555
0.998,0,0,0.04010235611528528
1.0,0,0,0.0405293828489968
1.002,0,0,0.04095594651624043
1.004,0,0,0.041381965920544155
1.006,0,0,0.04180736201548929
1.008,0,0,0.04223205783396861
1.01,0,0,0.04265597842032392
1.012,0,0,0.04307905076523332
1.014,0,0,0.04350120374323041
1.016,0,0,0.04392236805273889
1.018,0,0,0.04434247615851021
1.02,0,0,0.044761462236353584
1.022,0,0,0.045179262120058
1.024,0,0,0.045595813250402795
1.026,0,0,0.04601105462616495
1.028,0,0,0.04642492675702789
1.03,0,0,0.0468373716183075
1.032,0,0,0.04724833260741024
1.034,0,0,0.04765775450194521
1.036,0,0,0.04806558341941221
1.038,0,0,0.04847176677839662
1.04,0,0,0.048876253261199876
1.042,0,0,0.049278992777841785
1.044,0,0,0.04967993643137236
1.046,0,0,0.05007903648443236
1.048,0,0,0.0504762463270097
1.05,0,0,0.05087152044533551
1.052,0,0,0.05126481439187064
1.054,0,0,0.051656084756333556
1.056,0,0,0.05204528913772567
1.058,0,0,0.052432386117308515
1.06,0,0,0.05281733523249315
1.062,0,0,0.0532000969516011
1.064,0,0,0.053580632649463285
1.066,0,0,0.053958904583814915
1.068,0,0,0.05433487587246076
1.07,0,0,0.05470851047117249
1.072,0,0,0.055079773152291206
1.074,0,0,0.05544862948400602
1.076,0,0,0.05581504581027959
1.078,0,0,0.05617898923139622
1.08,0,0,0.056540427585107945
1.082,0,0,0.05689932942835336
1.084,0,0,0.05725566401952863
1.086,0,0,0.05760940130128809
1.088,0,0,0.057960511883854024
1.09,0,0,0.05830896702881835
1.092,0,0,0.058654738633415165
1.094,0,0,0.05899779921524652
1.096,0,0,0.05933812189744852
1.098,0,0,0.059675680394276856
1.1,0,0,0.060010448997098814
1.102,0,0,0.060342402560778975
1.104,0,0,0.06067151649043943
1.106,0,0,0.06099776672858882
1.108,0,0,0.06132112974259952
1.11,0,0,0.06164158251252737
1.112,0,0,0.06195910251925811
1.114,0,0,0.062273667732971494
1.116,0,0,0.0625852566019123
1.118,0,0,0.06289384804145694
1.12,0,0,0.06319942142346749
1.122,0,0,0.06350195656592313
1.124,0,0,0.06380143372281946
1.1260000000000001,0,0,0.06409783357432713
1.1280000000000001,0,0,0.06439113721720477
1.1300000000000001,0,0,0.06468132615545197
1.1320000000000001,0,0,0.06496838229120194
1.1340000000000001,0,0,0.06525228791584047
1.1360000000000001,0,0,0.06553302570134821
1.1380000000000001,0,0,0.06581057869185863
1.1400000000000001,0,0,0.06608493029542373
1.1420000000000001,0,0,0.06635606427598191
1.1440000000000001,0,0,0.06662396474552519
1.1460000000000001,0,0,0.06688861615645385
1.1480000000000001,0,0,0.06715000329411899
1.1500000000000001,0,0,0.0674081112695444
1.1520000000000001,0,0,0.06766292551232228
1.154,0,0,0.06791443176368062
1.156,0,0,0.06816261606971605
1.158,0,0,0.06840746477478378
1.16,0,0,0.06864896451504852
1.162,0,0,0.06888710221218425
1.164,0,0,0.06912186506722204
1.166,0,0,0.06935324055454314
1.168,0,0,0.06958121641600978
1.17,0,0,0.06980578065523442
1.172,0,0,0.07002692153197966
1.174,0,0,0.07024462755668838
1.176,0,0,0.07045888748513932
1.178,0,0,0.07066969031322434
1.18,0,0,0.07087702527184651
1.182,0,0,0.07108088182193358
1.184,0,0,0.07128124964956338
1.186,0,0,0.07147811866120263
1.188,0,0,0.07167147897905088
1.19,0,0,0.07186132093648977
1.192,0,0,0.07204763507363632
1.194,0,0,0.07223041213299272
1.196,0,0,0.07240964305519729
1.198,0,0,0.07258531897486792
1.2,0,0,0.07275743121653773
1.202,0,0,0.07292597129068375
1.204,0,0,0.07309093088984128
1.206,0,0,0.07325230188480515
1.208,0,0,0.07341007632091576
1.21,0,0,0.07356424641442579
1.212,0,0,0.07371480454894826
1.214,0,0,0.07386174327198246
1.216,0,0,0.07400505529151556
1.218,0,0,0.07414473347269994
1.22,0,0,0.07428077083460279
1.222,0,0,0.07441316054702703
1.224,0,0,0.07454189592740149
1.226,0,0,0.07466697043773973
1.228,0,0,0.07478837768166516
1.23,0,0,0.0749061114015004
1.232,0,0,0.07502016547542054
1.234,0,0,0.07513053391466913
1.236,0,0,0.07523721086083363
1.238,0,0,0.07534019058318105
1.24,0,0,0.07543946747605117
1.242,0,0,0.07553503605630617
1.244,0,0,0.07562689096083683
1.246,0,0,0.07571502694412185
1.248,0,0,0.07579943887584065
1.25,0,0,0.07588012173853823
1.252,0,0,0.07595707062534081
1.254,0,0,0.07603028073772111
1.256,0,0,0.07609974738331211
1.258,0,0,0.07616546597376848
1.26,0,0,0.07622743202267518
1.262,0,0,0.07628564114350113
1.264,0,0,0.07634008904759737
1.266,0,0,0.0763907715422397
1.268,0,0,0.07643768452871368
1.27,0,0,0.0764808240004413
1.272,0,0,0.07652018604114981
1.274,0,0,0.07655576682307927
1.276,0,0,0.07658756260523131
1.278,0,0,0.07661556973165538
1.28,0,0,0.07663978462977238
1.282,0,0,0.07666020380873766
1.284,0,0,0.07667682385783803
1.286,0,0,0.07668964144492547
1.288,0,0,0.07669865331488655
1.29,0,0,0.07670385628814448
1.292,0,0,0.07670524725919638
1.294,0,0,0.07670282319518369
1.296,0,0,0.07669658113449275
1.298,0,0,0.07668651818539045
1.3,0,0,0.07667263152468874
1.302,0,0,0.07665491839644106
1.304,0,0,0.07663337611066796
1.306,0,0,0.07660800204211318
1.308,0,0,0.07657879362902872
1.31,0,0,0.07654574837198815
1.312,0,0,0.07650886383272777
1.314,0,0,0.0764681376330164
1.316,0,0,0.07642356745355199
1.318,0,0,0.07637515103288414
1.32,0,0,0.07632288616636454
1.322,0,0,0.07626677070512156
1.324,0,0,0.07620680255506192
1.326,0,0,0.0761429796758975
1.328,0,0,0.07607530008019499
1.33,0,0,0.07600376183245293
1.332,0,0,0.07592836304820087
1.334,0,0,0.07584910189312294
1.336,0,0,0.0757659765822054
1.338,0,0,0.07567898537890648
1.34,0,0,0.07558812659435063
1.342,0,0,0.07549339858654452
1.344,0,0,0.07539479975961508
1.346,0,0,0.07529232856307186
1.348,0,0,0.0751859834910893
1.35,0,0,0.07507576308181224
1.352,0,0,0.07496166591668293
1.354,0,0,0.07484369061978859
1.356,0,0,0.07472183585723302
1.358,0,0,0.0745961003365265
1.36,0,0,0.07446648280599885
1.362,0,0,0.07433298205423351
1.364,0,0,0.07419559690952206
1.366,0,0,0.07405432623934019
1.368,0,0,0.0739091689498447
1.37,0,0,0.07376012398539168
1.372,0,0,0.07360719032807578
1.374,0,0,0.07345036699728978
1.3760000000000001,0,0,0.07328965304930667
1.3780000000000001,0,0,0.07312504757688205
1.3800000000000001,0,0,0.0729565497088783
1.3820000000000001,0,0,0.07278415860991004
1.3840000000000001,0,0,0.07260787348001119
1.3860000000000001,0,0,0.07242769355432402
1.3880000000000001,0,0,0.07224361810281098
1.3900000000000001,0,0,0.07205564642998723
1.3920000000000001,0,0,0.07186377787467735
1.3940000000000001,0,0,0.07166801180979425
1.3960000000000001,0,0,0.07146834764214156
1.3980000000000001,0,0,0.0712647848122393
1.4000000000000001,0,0,0.07105732279417434
1.4020000000000001,0,0,0.0708459610954742
1.4040000000000001,0,0,0.0706306992570076
1.4060000000000001,0,0,0.07041153685290931
1.408,0,0,0.0701884734905307
1.41,0,0,0.06996150881041985
1.412,0,0,0.06973064248632525
1.414,0,0,0.06949587422523071
1.416,0,0,0.06925720376741891
1.418,0,0,0.06901463088656351
1.42,0,0,0.06876815538985324
1.422,0,0,0.06851777711814878
1.424,0,0,0.06826349594617018
1.426,0,0,0.06800531178272075
1.428,0,0,0.06774322457094488
1.43,0,0,0.0674772342886234
1.432,0,0,0.06720734094850704
1.434,0,0,0.06693354459868851
1.436,0,0,0.06665584532301794
1.438,0,0,0.06637424324155955
1.44,0,0,0.0660887385110939
1.442,0,0,0.06579933132566777
1.444,0,0,0.065506021917192
1.446,0,0,0.06520881055609244
1.448,0,0,0.0649076975520129
1.45,0,0,0.06460268325457626
1.452,0,0,0.06429376805420443
1.454,0,0,0.06398095238300101
1.456,0,0,0.06366423671569926
1.458,0,0,0.06334362157068003
1.46,0,0,0.06301910751106242
1.462,0,0,0.06269069514587101
1.464,0,0,0.06235838513128597
1.466,0,0,0.06202217817197714
1.468,0,0,0.06168207502253112
1.47,0,0,0.061338076488973575
1.472,0,0,0.06099018343039395
1.474,0,0,0.06063839676067918
1.476,0,0,0.060282717450361185
1.478,0,0,0.0599231465285885
1.48,0,0,0.059559685085225855
1.482,0,0,0.059192334273093346
1.484,0,0,0.05882109531035305
1.486,0,0,0.058445969483051946
1.488,0,0,0.058066958147832866
1.49,0,0,0.057684062734824286
1.492,0,0,0.05729728475072139
1.494,0,0,0.05690662578207144
1.496,0,0,0.05651208749877782
1.498,0,0,0.056113671657838725
1.5,0,0,0.05571138010733696
1.502,0,0,0.05530521479069959
1.504,0,0,0.054895177751246596
1.506,0,0,0.054481271137050605
1.508,0,0,0.054063497206132224
1.51,0,0,0.05364185833201464
1.512,0,0,0.05321635700966654
1.514,0,0,0.05278699586186427
1.516,0,0,0.05235377764600519
1.518,0,0,0.051916705261409575
1.52,0,0,0.0514757817571502
1.522,0,0,0.051031010340453924
1.524,0,0,0.05058239438572141
1.526,0,0,0.0501299374442192
1.528,0,0,0.04967364325449948
1.53,0,0,0.049213515753612797
1.532,0,0,0.04874955908918124
1.534,0,0,0.04828177763240987
1.536,0,0,0.0478101759921205
1.538,0,0,0.0473347590299001
1.54,0,0,0.04685553187646857
1.542,0,0,0.046372499949378504
1.544,0,0,0.04588566897217395
1.546,0,0,0.04539504499514795
1.548,0,0,0.04490063441785594
1.55,0,0,0.044402444013557106
1.552,0,0,0.04390048095577714
1.554,0,0,0.043394752847209485
1.556,0,0,0.042885267751194396
1.558,0,0,0.042372034226046636
1.56,0,0,0.04185506136253324
1.562,0,0,0.041334358824842675
1.564,0,0,0.04080993689542527
1.566,0,0,0.040281806524135794
1.568,0,0,0.03974997938216325
1.57,0,0,0.03921446792129806
1.572,0,0,0.03867528543915402
1.574,0,0,0.038132446151054086
1.576,0,0,0.03758596526937842
1.578,0,0,0.037035859091287315
1.58,0,0,0.03648214509586177
1.582,0,0,0.035924842051850515
1.584,0,0,0.03536397013738931
1.586,0,0,0.03479955107326126
1.588,0,0,0.03423160827150032
1.59,0,0,0.033660167001423325
1.592,0,0,0.0330852545754992
1.594,0,0,0.032506900557847405
1.596,0,0,0.03192513699861773
1.598,0,0,0.03133999869803425
1.6,0,0,0.030751523504534136
1.602,0,0,0.03017655143880993
1.604,0,0,0.029631588648641825
1.606,0,0,0.02911600931352765
1.608,0,0,0.028629157607474306
1.61,0,0,0.028170370740925328
1.612,0,0,0.02773898857289212
1.614,0,0,0.02733435811787663
1.616,0,0,0.02695583583892778
1.618,0,0,0.02660278886308846
1.62,0,0,0.026274595626929867
1.622,0,0,0.02597064620472195
1.624,0,0,0.025690342454495408
1.6260000000000001,0,0,0.025433098057615205
1.6280000000000001,0,0,0.02519833849500584
1.6300000000000001,0,0,0.024985500984726478
1.6320000000000001,0,0,0.02479403439488631
1.6340000000000001,0,0,0.024623399139636074
1.6360000000000001,0,0,0.02447306706231889
1.6380000000000001,0,0,0.024342521307781115
1.6400000000000001,0,0,0.024231256184703585
1.6420000000000001,0,0,0.02413877701824389
1.6440000000000001,0,0,0.024064599993062916
1.6460000000000001,0,0,0.024008251986784475
1.6480000000000001,0,0,0.023969270394045894
1.6500000000000001,0,0,0.023947202941456757
1.6520000000000001,0,0,0.023941607493966025
1.6540000000000001,0,0,0.023952051853328958
1.6560000000000001,0,0,0.023978113549531898
1.6580000000000001,0,0,0.024019379626172406
1.6600000000000001,0,0,0.024075446420912496
1.6620000000000001,0,0,0.024145919342186493
1.6640000000000001,0,0,0.024230412643395788
1.666,0,0,0.02432854919582034
1.668,0,0,0.024439960261459157
1.67,0,0,0.024564285266953145
1.672,0,0,0.024701171579676006
1.674,0,0,0.024850274286977926
1.676,0,0,0.02501125597946721
1.678,0,0,0.025183786539095452
1.68,0,0,0.025367542932695282
1.682,0,0,0.025562209011498162
1.684,0,0,0.025767475317041943
1.686,0,0,0.025983038893767046
1.688,0,0,0.02620860310849641
1.69,0,0,0.026443877476895406
1.692,0,0,0.02668857749692839
1.694,0,0,0.026942424489247347
1.696,0,0,0.02720514544438946
1.698,0,0,0.02747647287660537
1.7,0,0,0.02775614468409738
1.702,0,0,0.028043904015411583
1.704,0,0,0.02833949914170675
1.706,0,0,0.028642683334602466
1.708,0,0,0.02895321474930295
1.71,0,0,0.02927085631268585
1.712,0,0,0.029595375616046988
1.714,0,0,0.029926544812201628
1.716,0,0,0.030264140516644722
1.718,0,0,0.030607943712491096
1.72,0,0,0.03095773965892521
1.722,0,0,0.031313317802906054
1.724,0,0,0.031674471693893286
1.726,0,0,0.03204099890136678
1.728,0,0,0.03241270093493934
1.73,0,0,0.032789383166872604
1.732,0,0,0.03317085475681977
1.734,0,0,0.03355692857864184
1.736,0,0,0.03394742114914938
1.738,0,0,0.03434215255864323
1.74,0,0,0.03474094640313466
1.742,0,0,0.035143629718140966
1.744,0,0,0.03555003291395926
1.746,0,0,0.035959989712341406
1.748,0,0,0.036373337084483946
1.75,0,0,0.03678991519027462
1.752,0,0,0.037209567318732144
1.754,0,0,0.03763213982958748
1.756,0,0,0.03805748209595786
1.758,0,0,0.038485446448074424
1.76,0,0,0.03891588811802427
1.762,0,0,0.03934866518547433
1.764,0,0,0.03978363852435017
1.766,0,0,0.040220671750440216
1.768,0,0,0.04065963116990362
1.77,0,0,0.041100385728661086
1.772,0,0,0.041542806962649156
1.774,0,0,0.041986768948921935
1.776,0,0,0.04243214825758072
1.778,0,0,0.04287882390452389
1.78,0,0,0.04332667730499714
1.782,0,0,0.04377559222793353
1.784,0,0,0.0442254547510752
1.786,0,0,0.04467615321685964
1.788,0,0,0.04512757818906597
1.79,0,0,0.04557962241020414
1.792,0,0,0.04603218075964582
1.794,0,0,0.04648515021247836
1.796,0,0,0.0469384297990801
1.798,0,0,0.047391920565401445
1.8,0,0,0.04784552553394826
1.802,0,0,0.04829914966545362
1.804,0,0,0.04875269982123193
1.806,0,0,0.04920608472620652
1.808,0,0,0.049659214932598075
1.81,0,0,0.05011200278427277
1.812,0,0,0.050564362381730815
1.814,0,0,0.05101620954773577
1.816,0,0,0.05146746179357062
1.818,0,0,0.05191803828591297
1.82,0,0,0.05236785981432107
1.822,0,0,0.0528168487593209
1.824,0,0,0.05326492906108646
1.826,0,0,0.05371202618870237
1.828,0,0,0.05415806711000389
1.83,0,0,0.05460298026198055
1.832,0,0,0.055046695521737875
1.834,0,0,0.055489144178008466
1.836,0,0,0.055930258903201566
1.838,0,0,0.05636997372598445
1.84,0,0,0.056808224004385725
1.842,0,0,0.05724494639941351
1.844,0,0,0.05768007884917823
1.846,0,0,0.0581135605435114
1.848,0,0,0.05854533189907471
1.85,0,0,0.058975334534947875
1.852,0,0,0.059403511248688916
1.854,0,0,0.059829805992857234
1.856,0,0,0.06025416385199401
1.858,0,0,0.0606765310200476
1.86,0,0,0.06109685477824207
1.862,0,0,0.06151508347337339
1.864,0,0,0.06193116649653336
1.866,0,0,0.06234505426224738
1.868,0,0,0.06275669818802243
1.87,0,0,0.06316605067429638
1.872,0,0,0.06357306508477943
1.874,0,0,0.06397769572718605
1.8760000000000001,0,0,0.06437989783434317
1.8780000000000001,0,0,0.06477962754567212
1.8800000000000001,0,0,0.06517684188903658
1.8820000000000001,0,0,0.06557149876294874
1.8840000000000001,0,0,0.06596355691912778
1.8860000000000001,0,0,0.0663529759454034
1.8880000000000001,0,0,0.06673971624895952
1.8900000000000001,0,0,0.06712373903990744
1.8920000000000001,0,0,0.06750500631518887
1.8940000000000001,0,0,0.06788348084279645
1.8960000000000001,0,0,0.06825912614630805
1.8980000000000001,0,0,0.0686319064897301
1.9000000000000001,0,0,0.06900178686264133
1.9020000000000001,0,0,0.06936873296563441
1.9040000000000001,0,0,0.06973271119604385
1.9060000000000001,0,0,0.07009368863396523
1.9080000000000001,0,0,0.0704516330285463
1.9100000000000001,0,0,0.07080651278455719
1.9120000000000001,0,0,0.07115829694922625
1.9140000000000001,0,0,0.07150695519933956
1.9160000000000001,0,0,0.07185245782859973
1.9180000000000001,0,0,0.07219477573523489
1.92,0,0,0.07253388040985956
1.922,0,0,0.07286974392357481
1.924,0,0,0.07320233891630934
1.926,0,0,0.07353163858539336
1.928,0,0,0.07385761667436169
1.93,0,0,0.07418024746198056
1.932,0,0,0.07449950575149698
1.934,0,0,0.0748153668601007
1.936,0,0,0.07512780660860059
1.938,0,0,0.0754368013113061
1.94,0,0,0.07574232776611352
1.942,0,0,0.0760443632447904
1.944,0,0,0.0763428854834565
1.946,0,0,0.07663787267325517
1.948,0,0,0.07692930345121085
1.95,0,0,0.0772171568912751
1.952,0,0,0.07750141249554722
1.954,0,0,0.07778205018567566
1.956,0,0,0.0780590502944306
1.958,0,0,0.07833239355744598
1.96,0,0,0.07860206110512949
1.962,0,0,0.07886803445473364
1.964,0,0,0.07913029550258814
1.966,0,0,0.0793888265164878
1.968,0,0,0.079643610128234
1.97,0,0,0.07989462932632693
1.972,0,0,0.08014186744880503
1.974,0,0,0.08038530817622859
1.976,0,0,0.08062493552480507
1.978,0,0,0.08086073383965424
1.98,0,0,0.08109268778820541
1.982,0,0,0.08132078235373447
1.984,0,0,0.08154500282902469
1.986,0,0,0.08176533481016035
1.988,0,0,0.08198176419044273
1.99,0,0,0.0821942771544311
1.992,0,0,0.08240286017210369
1.994,0,0,0.08260749999313387
1.996,0,0,0.08280818364128781
1.998,0,0,0.08300489840893024
2.0,0,0,0.0831976318516438
2.0020000000000002,0,0,0.08338637178295706
2.004,0,0,0.08357110626917719
2.0060000000000002,0,0,0.08375182362433278
2.008,0,0,0.08392851240521122
2.0100000000000002,0,0,0.08410116140650442
2.012,0,0,0.08426975965604641
2.0140000000000002,0,0,0.08443429641015221
2.016,0,0,0.08459476114904928
2.0180000000000002,0,0,0.0847511435724019
2.02,0,0,0.0849034335949244
2.0220000000000002,0,0,0.08505162134209002
2.024,0,0,0.085195697145917
2.0260000000000002,0,0,0.08533565154085004
2.028,0,0,0.08547147525971892
2.0300000000000002,0,0,0.085603159229783
2.032,0,0,0.08573069456885302
2.0340000000000003,0,0,0.08585407258149758
2.036,0,0,0.08597328475531837
2.0380000000000003,0,0,0.08608832275731104
2.04,0,0,0.08619917843029076
2.0420000000000003,0,0,0.08630584378940098
2.044,0,0,0.08640831101868264
2.0460000000000003,0,0,0.08650657246772317
2.048,0,0,0.08660062064836833
2.05,0,0,0.08669044823150342
2.052,0,0,0.08677604804389985
2.054,0,0,0.0868574130651276
2.056,0,0,0.08693453642452983
2.058,0,0,0.08700741139825968
2.06,0,0,0.087076031406381
2.062,0,0,0.08714039001002259
2.064,0,0,0.08720048090860023
2.066,0,0,0.08725629793708611
2.068,0,0,0.08730783506334426
2.07,0,0,0.0873550863855125
2.072,0,0,0.08739804612944678
2.074,0,0,0.08743670864621286
2.076,0,0,0.08747106840963317
2.078,0,0,0.08750112001388262
2.08,0,0,0.08752685817113995
2.082,0,0,0.08754827770927939
2.084,0,0,0.08756537356962046
2.086,0,0,0.08757814080471804
2.088,0,0,0.08758657457620378
2.09,0,0,0.08759067015266836
2.092,0,0,0.08759042290759579
2.094,0,0,0.0875858283173327
2.096,0,0,0.08757688195911066
2.098,0,0,0.08756357950910092
2.1,0,0,0.0875459167405215
2.102,0,0,0.08752388952177494
2.104,0,0,0.08749749381463409
2.106,0,0,0.08746672567246391
2.108,0,0,0.08743158123848252
2.11,0,0,0.08739205674405975
2.112,0,0,0.08734814850705679
2.114,0,0,0.08729985293019653
2.116,0,0,0.08724716649947704
2.118,0,0,0.08719008578261497
2.12,0,0,0.08712860742752845
2.122,0,0,0.08706272816084998
2.124,0,0,0.08699244478647977
2.126,0,0,0.08691775418416428
2.128,0,0,0.08683865330811627
2.13,0,0,0.0867551391856589
2.132,0,0,0.08666720891591062
2.134,0,0,0.08657485966849252
2.136,0,0,0.0864780886822745
2.138,0,0,0.08637689326414742
2.14,0,0,0.08627127078782679
2.142,0,0,0.08616121869268605
2.144,0,0,0.08604673448262182
2.146,0,0,0.0859278157249426
2.148,0,0,0.08580446004929243
2.15,0,0,0.08567666514659944
2.152,0,0,0.08554442876805354
2.154,0,0,0.08540774872411055
2.156,0,0,0.08526662288352836
2.158,0,0,0.08512104917242308
2.16,0,0,0.08497102557336127
2.162,0,0,0.08481655012446965
2.164,0,0,0.08465762091858092
2.166,0,0,0.08449423610239727
2.168,0,0,0.0843263938756883
2.17,0,0,0.08415409249050886
2.172,0,0,0.08397733025044792
2.174,0,0,0.08379610550989904
2.176,0,0,0.08361041667336329
2.178,0,0,0.08342026219476913
2.18,0,0,0.08322564057682837
2.182,0,0,0.08302655037041079
2.184,0,0,0.08282299017394801
2.186,0,0,0.0826149586328629
2.188,0,0,0.0824024544390273
2.19,0,0,0.08218547633024059
2.192,0,0,0.08196402308974395
2.194,0,0,0.08173809354575085
2.196,0,0,0.081507686571015
2.198,0,0,0.08127280108241607
2.2,0,0,0.08103343604058169
2.202,0,0,0.08078959044953106
2.204,0,0,0.08054126335635114
2.206,0,0,0.08028845385089751
2.208,0,0,0.0800311610655313
2.21,0,0,0.07976938417487718
2.212,0,0,0.07950312239562002
2.214,0,0,0.07923237498632787
2.216,0,0,0.07895714124730842
2.218,0,0,0.07867742052049677
2.22,0,0,0.07839321218938015
2.222,0,0,0.07810451567895202
2.224,0,0,0.0778113304557057
2.226,0,0,0.07751365602766137
2.228,0,0,0.07721149194443401
2.23,0,0,0.07690483779733537
2.232,0,0,0.07659369321952113
2.234,0,0,0.07627805788617538
2.236,0,0,0.07595793151474135
2.238,0,0,0.0756333138651936
2.24,0,0,0.07530420474036083
2.242,0,0,0.07497060398629136
2.244,0,0,0.07463251149267605
2.246,0,0,0.07428992719331678
2.248,0,0,0.07394285106665484
2.25,0,0,0.07359128313635456
2.2520000000000002,0,0,0.07323522347194844
2.254,0,0,0.0728746721895428
2.2560000000000002,0,0,0.07250962945259405
2.258,0,0,0.07214009547274942
2.2600000000000002,0,0,0.0717660705107663
2.262,0,0,0.07138755487750323
2.2640000000000002,0,0,0.0710045489349968
2.266,0,0,0.07061705309762256
2.2680000000000002,0,0,0.07022506783334548
2.27,0,0,0.06982859366506813
2.2720000000000002,0,0,0.06942763117208056
2.274,0,0,0.06902218099161443
2.2760000000000002,0,0,0.06861224382051634
2.278,0,0,0.06819782041703716
2.2800000000000002,0,0,0.06777891160275425
2.282,0,0,0.06735551826462649
2.2840000000000003,0,0,0.06692764135719972
2.286,0,0,0.06649528190496187
2.2880000000000003,0,0,0.06605844100486932
2.29,0,0,0.0656171198290439
2.2920000000000003,0,0,0.06517131962766494
2.294,0,0,0.0647210417320577
2.2960000000000003,0,0,0.06426628755800147
2.298,0,0,0.06380705860926719
2.3000000000000003,0,0,0.06334335648140384
2.302,0,0,0.06287518286579077
2.3040000000000003,0,0,0.06240253955397762
2.306,0,0,0.06192542844232842
2.308,0,0,0.06144385153699996
2.31,0,0,0.06095781095927516
2.312,0,0,0.06046730895127975
2.314,0,0,0.05997234788211589
2.316,0,0,0.05947293025444072
2.318,0,0,0.058969058711531686
2.32,0,0,0.058460736044873875
2.322,0,0,0.057947965202316445
2.324,0,0,0.0574307492968432
2.326,0,0,0.056909091616011515
2.328,0,0,0.05638299563211722
2.33,0,0,0.05585246501314981
2.332,0,0,0.055317503634604276
2.334,0,0,0.05477811559223416
2.336,0,0,0.05423430521582255
2.338,0,0,0.05368607708407395
2.34,0,0,0.053133436040723896
2.342,0,0,0.052576387211991246
2.344,0,0,0.05201493602549121
2.346,0,0,0.051449088230763045
2.348,0,0,0.05087884992156433
2.35,0,0,0.05030422756011392
2.352,0,0,0.049725228003479026
2.354,0,0,0.049141858532330884
2.356,0,0,0.048554126882316695
2.358,0,0,0.04796204127832629
2.36,0,0,0.04736561047196505
2.362,0,0,0.04676484378259091
2.364,0,0,0.04615975114230491
2.366,0,0,0.045550343145350045
2.368,0,0,0.04493663110242377
2.37,0,0,0.04431862710047649
2.372,0,0,0.04369634406865308
2.374,0,0,0.04306979585111758
2.376,0,0,0.04243899728760748
2.378,0,0,0.04180396430268531
2.38,0,0,0.04116471400479625
2.382,0,0,0.04052126479639863
2.384,0,0,0.039873636496632
2.386,0,0,0.03922185047820415
2.388,0,0,0.038565929820444524
2.39,0,0,0.03790589948077747
2.392,0,0,0.03724178648723379
2.394,0,0,0.036573620155050814
2.396,0,0,0.0359014323309182
2.398,0,0,0.035225257669045
2.4,0,0,0.034545133943940556
2.402,0,0,0.03388069683842417
2.404,0,0,0.03325120234196793
2.406,0,0,0.032655927969681905
2.408,0,0,0.0320941187870226
2.41,0,0,0.03156501366442571
2.412,0,0,0.031067855713514083
2.414,0,0,0.03060189690832757
2.416,0,0,0.030166400299898994
2.418,0,0,0.029760641115121812
2.42,0,0,0.029383907289290773
2.422,0,0,0.029035499692806704
2.424,0,0,0.028714732186634315
2.426,0,0,0.028420931580368795
2.428,0,0,0.0281534375349865
2.43,0,0,0.02791160243474906
2.432,0,0,0.027694791242526575
2.434,0,0,0.027502381346758094
2.436,0,0,0.027333762404592944
2.438,0,0,0.02718833618352872
2.44,0,0,0.02706551640249451
2.442,0,0,0.026964728572524882
2.444,0,0,0.026885409836716098
2.446,0,0,0.026827008808926783
2.448,0,0,0.02678898541060964
2.45,0,0,0.026770810705189833
2.452,0,0,0.026771966729483964
2.454,0,0,0.026791946321786497
2.456,0,0,0.026830252946384654
2.458,0,0,0.02688640051442955
2.46,0,0,0.026959913201219755
2.462,0,0,0.027050325260109934
2.464,0,0,0.027157180833367253
2.466,0,0,0.027280033760401827
2.468,0,0,0.027418447383883455
2.47,0,0,0.0275719943543136
2.472,0,0,0.027740256433654034
2.474,0,0,0.02792282429864449
2.476,0,0,0.028119297344424934
2.478,0,0,0.02832928348907825
2.48,0,0,0.028552398979663253
2.482,0,0,0.02878826820028276
2.484,0,0,0.02903652348267109
2.486,0,0,0.02929680491973955
2.488,0,0,0.029568760182454756
2.49,0,0,0.02985204434037588
2.492,0,0,0.030146319686103314
2.494,0,0,0.030451255563855167
2.496,0,0,0.03076652820231891
2.498,0,0,0.031091820551882206
2.5,0,0,0.031426822126304245
2.5020000000000002,0,0,0.03177122884885063
2.504,0,0,0.03212474290286622
2.5060000000000002,0,0,0.03248707258675597
2.508,0,0,0.03285793217328533
2.5100000000000002,0,0,0.03323704177312653
2.512,0,0,0.033624127202527464
2.5140000000000002,0,0,0.034018919854992946
2.516,0,0,0.03442115657684129
2.5180000000000002,0,0,0.034830579546501414
2.52,0,0,0.035246936157408974
2.5220000000000002,0,0,0.03566997890436218
2.524,0,0,0.03609946527318707
2.5260000000000002,0,0,0.03653515763358111
2.528,0,0,0.03697682313499264
2.5300000000000002,0,0,0.03742423360539982
2.532,0,0,0.03787716545286883
2.5340000000000003,0,0,0.03833539956976053
2.536,0,0,0.0387987212394697
2.5380000000000003,0,0,0.039266920045589064
2.54,0,0,0.03973978978338346
2.5420000000000003,0,0,0.04021712837348803
2.544,0,0,0.040698737777720345
2.5460000000000003,0,0,0.04118442391693106
2.548,0,0,0.04167399659080533
2.5500000000000003,0,0,0.04216726939953562
2.552,0,0,0.04266405966729702
2.5540000000000003,0,0,0.04316418836745902
2.556,0,0,0.04366748004946045
2.5580000000000003,0,0,0.044173762767303934
2.56,0,0,0.04468286800960135
2.562,0,0,0.04519463063112396
2.564,0,0,0.04570888878581219
2.566,0,0,0.046225483861190256
2.568,0,0,0.046744260414157836
2.57,0,0,0.04726506610810024
2.572,0,0,0.04778775165129975
2.574,0,0,0.04831217073659509
2.576,0,0,0.04883817998226864
2.578,0,0,0.04936563887412083
2.58,0,0,0.0498944097087112
2.582,0,0,0.050424357537725256
2.584,0,0,0.050955350113453216
2.586,0,0,0.05148725783534733
2.588,0,0,0.052019953697633445
2.59,0,0,0.05255331323795507
2.592,0,0,0.05308721448703169
2.594,0,0,0.053621537919296657
2.596,0,0,0.05415616640451091
2.598,0,0,0.054690985160316015
2.6,0,0,0.055225881705722527
2.602,0,0,0.055760745815497684
2.604,0,0,0.05629546947545376
2.606,0,0,0.056829946838600924
2.608,0,0,0.05736407418216015
2.61,0,0,0.05789774986541176
2.612,0,0,0.058430874288370425
2.614,0,0,0.05896334985126154
2.616,0,0,0.05949508091479317
2.618,0,0,0.06002597376120107
2.62,0,0,0.060555936556054325
2.622,0,0,0.06108487931080888
2.624,0,0,0.061612713846094395
2.626,0,0,0.06213935375571295
2.628,0,0,0.0626647143713527
2.63,0,0,0.063188712727982
2.632,0,0,0.06371126752993049
2.634,0,0,0.0642322991176284
2.636,0,0,0.06475172943500472
2.638,0,0,0.06526948199752039
2.64,0,0,0.06578548186083434
2.642,0,0,0.06629965559008015
2.644,0,0,0.0668119312297551
2.646,0,0,0.06732223827419236
2.648,0,0,0.0678305076386253
2.65,0,0,0.06833667163081403
2.652,0,0,0.06884066392323684
2.654,0,0,0.06934241952582756
2.656,0,0,0.06984187475925595
2.658,0,0,0.0703389672287292
2.66,0,0,0.07083363579832104
2.662,0,0,0.07132582056579827
2.664,0,0,0.07181546283795685
2.666,0,0,0.07230250510643725
2.668,0,0,0.07278689102402547
2.67,0,0,0.07326856538142244
2.672,0,0,0.07374747408447335
2.674,0,0,0.07422356413184975
2.676,0,0,0.07469678359317855
2.678,0,0,0.07516708158759769
2.68,0,0,0.07563440826274848
2.682,0,0,0.07609871477417755
2.684,0,0,0.07655995326515447
2.686,0,0,0.07701807684688518
2.688,0,0,0.07747303957912977
2.69,0,0,0.07792479645119296
2.692,0,0,0.07837330336330768
2.694,0,0,0.07881851710837733
2.696,0,0,0.07926039535409402
2.698,0,0,0.07969889662540264
2.7,0,0,0.08013398028732377
2.702,0,0,0.08056560652811623
2.704,0,0,0.08099373634277555
2.706,0,0,0.08141833151686219
2.708,0,0,0.08183935461065645
2.71,0,0,0.08225676894362433
2.712,0,0,0.08267053857920069
2.714,0,0,0.08308062830987206
2.716,0,0,0.0834870036425606
2.718,0,0,0.08388963078429797
2.72,0,0,0.08428847662819217
2.722,0,0,0.08468350873966533
2.724,0,0,0.08507469534298034
2.726,0,0,0.08546200530802295
2.728,0,0,0.08584540813736272
2.73,0,0,0.08622487395356247
2.732,0,0,0.08660037348674882
2.734,0,0,0.08697187806243022
2.736,0,0,0.08733935958955774
2.738,0,0,0.08770279054882639
2.74,0,0,0.08806214398121516
2.742,0,0,0.08841739347674822
2.744,0,0,0.08876851316349127
2.746,0,0,0.08911547769676342
2.748,0,0,0.08945826224856632
2.75,0,0,0.08979684249722605
2.7520000000000002,0,0,0.09013119461724656
2.754,0,0,0.0904612952693578
2.7560000000000002,0,0,0.09078712159077726
2.758,0,0,0.09110865118565263
2.7600000000000002,0,0,0.09142586211571027
2.762,0,0,0.09173873289107966
2.7640000000000002,0,0,0.09204724246131227
2.766,0,0,0.09235137020657438
2.7680000000000002,0,0,0.09265109592902106
2.77,0,0,0.09294639984433987
2.7720000000000002,0,0,0.09323726257347098
2.774,0,0,0.09352366513448444
2.7760000000000002,0,0,0.09380558893463208
2.778,0,0,0.09408301576254965
2.7800000000000002,0,0,0.09435592778062288
2.782,0,0,0.0946243075175019
2.7840000000000003,0,0,0.0948881378607731
2.786,0,0,0.0951474020497694
2.7880000000000003,0,0,0.09540208366853625
2.79,0,0,0.09565216663892774
2.7920000000000003,0,0,0.09589763521385501
2.794,0,0,0.09613847397065542
2.7960000000000003,0,0,0.0963746678046113
2.798,0,0,0.09660620192258702
2.8000000000000003,0,0,0.09683306183680149
2.802,0,0,0.09705523335872183
2.8040000000000003,0,0,0.09727270259308633
2.806,0,0,0.09748545593203944
2.8080000000000003,0,0,0.0976934800493935
2.81,0,0,0.09789676189500124
2.8120000000000003,0,0,0.09809528868924437
2.814,0,0,0.09828904791763142
2.816,0,0,0.09847802732550823
2.818,0,0,0.09866221491287253
2.82,0,0,0.098841598929291
2.822,0,0,0.09901616786892745
2.824,0,0,0.09918591046566264
2.826,0,0,0.09935081568831904
2.828,0,0,0.09951087273597711
2.83,0,0,0.09966607103339428
2.832,0,0,0.0998164002265064
2.834,0,0,0.09996185017802908
2.836,0,0,0.10010241096314483
2.838,0,0,0.1002380728652783
2.84,0,0,0.10036882637195443
2.842,0,0,0.10049466217074815
2.844,0,0,0.10061557114530603
2.846,0,0,0.10073154437146055
2.848,0,0,0.10084257311341141
2.85,0,0,0.10094864881999656
2.852,0,0,0.10104976312102798
2.854,0,0,0.10114590782371176
2.856,0,0,0.10123707490913506
2.858,0,0,0.10132325652882732
2.86,0,0,0.10140444500139141
2.862,0,0,0.1014806328092053
2.864,0,0,0.10155181259518618
2.866,0,0,0.10161797715962886
2.868,0,0,0.10167911945710215
2.87,0,0,0.10173523259341304
2.872,0,0,0.10178630982263034
2.874,0,0,0.1018323445441753
2.876,0,0,0.10187333029996345
2.878,0,0,0.10190926077161541
2.88,0,0,0.10194012977771578
2.882,0,0,0.10196593127114006
2.884,0,0,0.10198665933642385
2.886,0,0,0.10200230818719866
2.888,0,0,0.10201287216367534
2.89,0,0,0.10201834573018066
2.892,0,0,0.10201872347274492
2.894,0,0,0.10201400009674515
2.896,0,0,0.10200417042458927
2.898,0,0,0.10198922939345792
2.9,0,0,0.10196917205308893
2.902,0,0,0.10194399356361024
2.904,0,0,0.1019136891934175
2.906,0,0,0.10187825431710276
2.908,0,0,0.10183768441341724
2.91,0,0,0.10179197506329069
2.912,0,0,0.10174112194788136
2.914,0,0,0.10168512084667872
2.916,0,0,0.101623967635639
2.918,0,0,0.10155765828536838
2.92,0,0,0.10148618885934195
2.922,0,0,0.10140955551216466
2.924,0,0,0.10132775448786778
2.926,0,0,0.10124078211824993
2.928,0,0,0.10114863482124635
2.93,0,0,0.10105130909934476
2.932,0,0,0.10094880153803074
2.934,0,0,0.10084110880427212
2.936,0,0,0.10072822764503679
2.938,0,0,0.10061015488585005
2.94,0,0,0.1004868874293768
2.942,0,0,0.10035842225405023
2.944,0,0,0.10022475641272043
2.946,0,0,0.10008588703134914
2.948,0,0,0.09994181130772388
2.95,0,0,0.09979252651021586
2.952,0,0,0.09963802997656242
2.954,0,0,0.09947831911268303
2.956,0,0,0.09931339139152547
2.958,0,0,0.09914324435194657
2.96,0,0,0.09896787559761587
2.962,0,0,0.09878728279595718
2.964,0,0,0.09860146367711518
2.966,0,0,0.09841041603295421
2.968,0,0,0.09821413771608299
2.97,0,0,0.0980126266389151
2.972,0,0,0.09780588077274989
2.974,0,0,0.09759389814689151
2.976,0,0,0.09737667684778771
2.978,0,0,0.09715421501820586
2.98,0,0,0.0969265108564302
2.982,0,0,0.09669356261549358
2.984,0,0,0.09645536860243464
2.986,0,0,0.09621192717758485
2.988,0,0,0.09596323675388131
2.99,0,0,0.09570929579621594
2.992,0,0,0.09545010282080275
2.994,0,0,0.0951856563945841
2.996,0,0,0.09491595513465985
2.998,0,0,0.09464099770774917
3.0,0,0,0.09436078282967948
3.0020000000000002,0,0,0.09407530926490966
3.004,0,0,0.09378457582607777
3.0060000000000002,0,0,0.09348858137358532
3.008,0,0,0.09318732481520725
3.0100000000000002,0,0,0.09288080510574082
3.012,0,0,0.09256902124667685
3.0140000000000002,0,0,0.09225197228591346
3.016,0,0,0.09192965731749747
3.0180000000000002,0,0,0.09160207548140227
3.02,0,0,0.09126922596333821
3.0220000000000002,0,0,0.0909311079946043
3.024,0,0,0.09058772085196817
3.0260000000000002,0,0,0.09023906385759327
3.028,0,0,0.0898851363789971
3.0300000000000002,0,0,0.0895259378290541
3.032,0,0,0.08916146766603775
3.0340000000000003,0,0,0.08879172539370765
3.036,0,0,0.0884167105614353
3.0380000000000003,0,0,0.0880364227643853
3.04,0,0,0.08765086164373184
3.0420000000000003,0,0,0.08726002688693646
3.044,0,0,0.08686391822806726
3.0460000000000003,0,0,0.08646253544817849
3.048,0,0,0.08605587837574322
3.0500000000000003,0,0,0.08564394688714334
3.052,0,0,0.08522674090722215
3.0540000000000003,0,0,0.08480426040990127
3.056,0,0,0.084376505418861
3.0580000000000003,0,0,0.08394347600829609
3.06,0,0,0.08350517230374101
3.0620000000000003,0,0,0.08306159448297541
3.064,0,0,0.08261274277700859
3.0660000000000003,0,0,0.08215861747115581
3.068,0,0,0.0816992189061975
3.0700000000000003,0,0,0.0812345474796439
3.072,0,0,0.08076460364709172
3.074,0,0,0.08028938792369876
3.076,0,0,0.07980890088576455
3.078,0,0,0.07932314317243608
3.08,0,0,0.07883211548754326
3.082,0,0,0.07833581860156794
3.084,0,0,0.07783425335376261
3.086,0,0,0.07732742065442127
3.088,0,0,0.0768153214873181
3.09,0,0,0.07629795691232093
3.092,0,0,0.07577532806819648
3.094,0,0,0.07524743617561344
3.096,0,0,0.07471428254036723
3.098,0,0,0.07417586855682969
3.1,0,0,0.07363219571165483
3.102,0,0,0.07308326558774281
3.104,0,0,0.07252907986849871
3.106,0,0,0.07196964034239321
3.108,0,0,0.07140494890785787
3.11,0,0,0.07083500757853688
3.112,0,0,0.07025981848892489
3.114,0,0,0.06967938390041933
3.116,0,0,0.06909370620782523
3.118,0,0,0.06850278794634256
3.12,0,0,0.0679066317990822
3.122,0,0,0.06730524060515396
3.124,0,0,0.06669861736837192
3.126,0,0,0.06608676526663082
3.128,0,0,0.06546968766201876
3.13,0,0,0.06484738811171932
3.132,0,0,0.06421987037978728
3.134,0,0,0.06358713844986441
3.136,0,0,0.0629491965389336
3.138,0,0,0.062306049112199266
3.14,0,0,0.0616577008992049
3.142,0,0,0.06100415691130761
3.144,0,0,0.06034542246063811
3.146,0,0,0.059681503180693776
3.148,0,0,0.05901240504873338
3.15,0,0,0.05833813441014858
3.152,0,0,0.05765869800502133
3.154,0,0,0.05697410299709559
3.156,0,0,0.0562843570054182
3.158,0,0,0.05558946813893718
3.16,0,0,0.0548894450343838
3.162,0,0,0.05418429689780069
3.164,0,0,0.05347403355012998
3.166,0,0,0.05275866547732845
3.168,0,0,0.052038203885535476
3.17,0,0,0.051312660761898686
3.172,0,0,0.05058204894173453
3.174,0,0,0.049846382182804266
3.176,0,0,0.04910567524759774
3.178,0,0,0.048359943994634995
3.18,0,0,0.04760920547995964
3.182,0,0,0.046853478070165155
3.184,0,0,0.04609278156849833
3.186,0,0,0.0453271373558361
3.188,0,0,0.04455656854859878
3.19,0,0,0.043781100176015046
3.192,0,0,0.0430007593795387
3.194,0,0,0.04221557563769294
3.196,0,0,0.041425581020180555
3.198,0,0,0.04063081047576659
3.2,0,0,0.03983130215925379
3.202,0,0,0.03904330476940506
3.204,0,0,0.03828280450540141
3.206,0,0,0.037549288047184506
3.208,0,0,0.0368422178546028
3.21,0,0,0.036161055354023725
3.212,0,0,0.03550526966480001
3.214,0,0,0.03487434096666733
3.216,0,0,0.03426776175514983
3.218,0,0,0.033685037208172355
3.22,0,0,0.03312568515032925
3.222,0,0,0.03258923581912451
3.224,0,0,0.03207523152403411
3.226,0,0,0.03158322624143073
3.228,0,0,0.03111278516735761
3.23,0,0,0.03066348424048423
3.232,0,0,0.03023490964301679
3.234,0,0,0.02982665728514458
3.236,0,0,0.029438332277575658
3.238,0,0,0.029069548396253867
3.24,0,0,0.02871992754319242
3.242,0,0,0.028389099207332485
3.244,0,0,0.028076699929383917
3.246,0,0,0.02778237277463076
3.248,0,0,0.02750576681771373
3.25,0,0,0.02724653664336549
3.2520000000000002,0,0,0.02700434186698064
3.254,0,0,0.02677884667874594
3.2560000000000002,0,0,0.026569719414827282
3.258,0,0,0.026376632158805226
3.2600000000000002,0,0,0.02619926037618606
3.262,0,0,0.026037282584385032
3.2640000000000002,0,0,0.025890380060100575
3.266,0,0,0.025758236585474322
3.2680000000000002,0,0,0.025640538233885662
3.27,0,0,0.02553697319566126
3.2720000000000002,0,0,0.025447231643426698
3.274,0,0,0.025371005636263263
3.2760000000000002,0,0,0.025307989061320414
3.278,0,0,0.025257877611046253
3.2800000000000002,0,0,0.025220368793769366
3.282,0,0,0.025195161974981395
3.2840000000000003,0,0,0.025181958446379618
3.286,0,0,0.02518046151946903
3.2880000000000003,0,0,0.025190376640376606
3.29,0,0,0.025211411522427913
3.2920000000000003,0,0,0.02524327629301364
3.294,0,0,0.025285683651315317
3.2960000000000003,0,0,0.025338349033568665
3.298,0,0,0.02540099078267656
3.3000000000000003,0,0,0.02547333031921273
3.302,0,0,0.02555509231106351
3.3040000000000003,0,0,0.02564600483922864
3.306,0,0,0.025745799557591275
3.3080000000000003,0,0,0.02585421184474381
3.31,0,0,0.02597098094625843
3.3120000000000003,0,0,0.026095850106091424
3.314,0,0,0.026228566686076576
3.3160000000000003,0,0,0.026368882272746
3.318,0,0,0.026516552770963275
3.3200000000000003,0,0,0.026671338484084258
3.322,0,0,0.02683300418056742
3.3240000000000003,0,0,0.02700131914714952
3.326,0,0,0.027176057228840977
3.3280000000000003,0,0,0.027356996856167493
3.33,0,0,0.02754392106015542
3.332,0,0,0.027736617475682943
3.334,0,0,0.02793487833387331
3.336,0,0,0.028138500444259622
3.338,0,0,0.028347285167490226
3.34,0,0,0.028561038379354996
3.342,0,0,0.028779570426926318
3.344,0,0,0.02900269607759668
3.346,0,0,0.02923023446178814
3.348,0,0,0.029462009010069443
3.35,0,0,0.029697847385415508
3.352,0,0,0.029937581411270647
3.354,0,0,0.030181046996082372
3.356,0,0,0.030428084054890604
3.358,0,0,0.030678536428556127
3.36,0,0,0.030932251801128373
3.362,0,0,0.031189081615844466
3.364,0,0,0.03144888099018993
3.366,0,0,0.031711508630419195
3.368,0,0,0.03197682674588482
3.37,0,0,0.03224470096350487
3.372,0,0,0.03251500024264022
3.374,0,0,0.03278759679064034
3.376,0,0,0.033062365979266324
3.378,0,0,0.033339186262188174
3.38,0,0,0.03361793909371245
3.382,0,0,0.03389850884888145
3.384,0,0,0.03418078274505481
3.386,0,0,0.03446465076507387
3.388,0,0,0.03475000558207506
3.39,0,0,0.035036742486021864
3.392,0,0,0.035324759311992845
3.394,0,0,0.03561395637025771
3.396,0,0,0.03590423637816289
3.398,0,0,0.03619550439383246
3.4,0,0,0.036487667751686194
3.402,0,0,0.036780635999766366
3.404,0,0,0.037074320838856444
3.406,0,0,0.03736863606337643
3.408,0,0,0.03766349750401782
3.41,0,0,0.037958822972103574
3.412,0,0,0.038254532205626454
3.414,0,0,0.038550546816938674
3.416,0,0,0.03884679024204676
3.418,0,0,0.039143187691480015
3.42,0,0,0.0394396661026859
3.422,0,0,0.03973615409390854
3.424,0,0,0.0400325819195147
3.426,0,0,0.040328881426715674
3.428,0,0,0.040624986013649826
3.43,0,0,0.040920830588777726
3.432,0,0,0.04121635153154746
3.434,0,0,0.04151148665429392
3.436,0,0,0.04180617516532164
3.438,0,0,0.042100357633144465
3.44,0,0,0.04239397595182149
3.442,0,0,0.042686973307377966
3.444,0,0,0.042979294145247336
3.446,0,0,0.04327088413871613
3.448,0,0,0.04356169015832776
3.45,0,0,0.04385166024221498
3.452,0,0,0.04414074356732295
3.454,0,0,0.04442889042149695
3.456,0,0,0.04471605217639734
3.458,0,0,0.04500218126121955
3.46,0,0,0.04528723113718376
3.462,0,0,0.04557115627276646
3.464,0,0,0.04585391211965414
3.466,0,0,0.04613545508938718
3.468,0,0,0.046415742530668914
3.47,0,0,0.04669473270732224
3.472,0,0,0.046972384776862545
3.474,0,0,0.04724865876967511
3.476,0,0,0.04752351556876329
3.478,0,0,0.04779691689006356
3.48,0,0,0.04806882526328968
3.482,0,0,0.04833920401330539
3.484,0,0,0.048608017241992776
3.486,0,0,0.04887522981060864
3.488,0,0,0.04914080732261173
3.49,0,0,0.04940471610693854
3.492,0,0,0.04966692320172073
3.494,0,0,0.04992739633842482
3.496,0,0,0.05018610392640108
3.498,0,0,0.05044301503783185
3.5,0,0,0.050698099393058145
3.5020000000000002,0,0,0.05095132734628442
3.504,0,0,0.051202669871636165
3.5060000000000002,0,0,0.05145209854957324
3.508,0,0,0.051699585553634055
3.5100000000000002,0,0,0.051945103637511744
3.512,0,0,0.05218862612244414
3.5140000000000002,0,0,0.05243012688491477
3.516,0,0,0.05266958034464787
3.5180000000000002,0,0,0.05290696145289944
3.52,0,0,0.0531422456810205
3.5220000000000002,0,0,0.0533754090093005
3.524,0,0,0.053606427916073285
3.5260000000000002,0,0,0.05383527936707794
3.528,0,0,0.05406194080507211
3.5300000000000002,0,0,0.0542863901396884
3.532,0,0,0.054508605737523565
3.5340000000000003,0,0,0.05472856641246236
3.536,0,0,0.0549462514162184
3.5380000000000003,0,0,0.05516164042909811
3.54,0,0,0.055374713550969866
3.5420000000000003,0,0,0.055585451292445735
3.544,0,0,0.05579383456625464
3.5460000000000003,0,0,0.05599984467881886
3.548,0,0,0.056203463322013134
3.5500000000000003,0,0,0.056404672565112446
3.552,0,0,0.056603454846920406
3.5540000000000003,0,0,0.05679979296806744
3.556,0,0,0.05699367008348693
3.5580000000000003,0,0,0.05718506969505361
3.56,0,0,0.05737397564438295
3.5620000000000003,0,0,0.05756037210579458
3.564,0,0,0.05774424357942303
3.5660000000000003,0,0,0.05792557488448593
3.568,0,0,0.0581043511526902
3.5700000000000003,0,0,0.05828055782179492
3.572,0,0,0.05845418062929714
3.5740000000000003,0,0,0.058625205606270714
3.576,0,0,0.058793619071325444
3.5780000000000003,0,0,0.05895940762470434
3.58,0,0,0.05912255814250377
3.5820000000000003,0,0,0.05928305777102094
3.584,0,0,0.05944089392121754
3.586,0,0,0.05959605426330654
3.588,0,0,0.05974852672145418
3.59,0,0,0.0598982994685894
3.592,0,0,0.0600453609213334
3.594,0,0,0.0601896997350243
3.596,0,0,0.06033130479886206
3.598,0,0,0.06047016523114215
3.6,0,0,0.060606270374601076
3.602,0,0,0.06073960979185228
3.604,0,0,0.06087017326092576
3.606,0,0,0.060997950770894954
3.608,0,0,0.06112293251759844
3.61,0,0,0.06124510889945629
3.612,0,0,0.061364470513365174
3.614,0,0,0.06148100815068867
3.616,0,0,0.06159471279332773
3.618,0,0,0.06170557560987033
3.62,0,0,0.061813587951832574
3.622,0,0,0.06191874134996475
3.624,0,0,0.06202102751064753
3.626,0,0,0.0621204383123552
3.628,0,0,0.06221696580219764
3.63,0,0,0.06231060219253156
3.632,0,0,0.06240133985764877
3.634,0,0,0.062489171330524486
3.636,0,0,0.06257408929964361
3.638,0,0,0.06265608660588666
3.64,0,0,0.06273515623948554
3.642,0,0,0.06281129133703987
3.644,0,0,0.06288448517859922
3.646,0,0,0.06295473118480414
3.648,0,0,0.06302202291408876
3.65,0,0,0.06308635405994117
3.652,0,0,0.06314771844822593
3.654,0,0,0.06320611003455393
3.656,0,0,0.06326152290171899
3.658,0,0,0.06331395125718033
3.66,0,0,0.06336338943060356
3.662,0,0,0.06340983187144865
3.664,0,0,0.06345327314661744
3.666,0,0,0.063493707938141
3.668,0,0,0.06353113104092623
3.67,0,0,0.06356553736054324
3.672,0,0,0.06359692191106438
3.674,0,0,0.06362527981294987
3.676,0,0,0.06365060629097595
3.678,0,0,0.06367289667220956
3.68,0,0,0.06369214638403137
3.682,0,0,0.06370835095219173
3.684,0,0,0.06372150599892035
3.686,0,0,0.0637316072410695
3.688,0,0,0.06373865048830246
3.69,0,0,0.06374263164131891
3.692,0,0,0.06374354669012502
3.694,0,0,0.0637413917123338
3.696,0,0,0.06373616287151358
3.698,0,0,0.06372785641556508
3.7,0,0,0.06371646867514186
3.702,0,0,0.06370199606210131
3.704,0,0,0.06368443506799742
3.706,0,0,0.06366378226260286
3.708,0,0,0.06364003429246869
3.71,0,0,0.0636131878795183
3.712,0,0,0.06358323981967197
3.714,0,0,0.06355018698150751
3.716,0,0,0.06351402630495256
3.718,0,0,0.06347475480000588
3.72,0,0,0.06343236954549514
3.722,0,0,0.0633868676878616
3.724,0,0,0.06333824643997886
3.726,0,0,0.06328650307999699
3.728,0,0,0.06323163495022337
3.73,0,0,0.0631736394560266
3.732,0,0,0.06311251406477487
3.734,0,0,0.0630482563047981
3.736,0,0,0.0629808637643826
3.738,0,0,0.06291033409079455
3.74,0,0,0.06283666498932557
3.742,0,0,0.06275985422237375
3.744,0,0,0.06267989960854696
3.746,0,0,0.0625967990217951
3.748,0,0,0.06251055039057095
3.75,0,0,0.06242115169701368
3.7520000000000002,0,0,0.062328600976165105
3.754,0,0,0.06223289631520685
3.7560000000000002,0,0,0.062134035852729995
3.758,0,0,0.062032017778023
3.7600000000000002,0,0,0.0619268403303963
3.762,0,0,0.06181850179852382
3.7640000000000002,0,0,0.06170700051981706
3.766,0,0,0.06159233487982295
3.7680000000000002,0,0,0.061474503311648485
3.77,0,0,0.061353504295411025
3.7720000000000002,0,0,0.06122933635771726
3.774,0,0,0.06110199807116619
3.7760000000000002,0,0,0.060971488053881244
3.778,0,0,0.06083780496906657
3.7800000000000002,0,0,0.06070094752459467
3.782,0,0,0.06056091447261591
3.7840000000000003,0,0,0.06041770460920094
3.786,0,0,0.060271316774007044
3.7880000000000003,0,0,0.060121749849975696
3.79,0,0,0.0599690027630557
3.7920000000000003,0,0,0.05981307448195984
3.794,0,0,0.0596539640179458
3.7960000000000003,0,0,0.05949167042463189
3.798,0,0,0.0593261927978392
3.8000000000000003,0,0,0.059157530275468044
3.802,0,0,0.05898568203740594
3.8040000000000003,0,0,0.058810647305466
3.806,0,0,0.058632425343360106
3.8080000000000003,0,0,0.05845101545670841
3.81,0,0,0.05826641699307771
3.8120000000000003,0,0,0.058078629342063974
3.814,0,0,0.057887651935404766
3.8160000000000003,0,0,0.05769348424713401
3.818,0,0,0.057496125793775006
3.8200000000000003,0,0,0.057295576134573305
3.822,0,0,0.05709183487177268
3.8240000000000003,0,0,0.05688490165093421
3.826,0,0,0.05667477616129986
3.8280000000000003,0,0,0.05646145813620413
3.83,0,0,0.056244947353531256
3.8320000000000003,0,0,0.05602524363622778
3.834,0,0,0.055802346852863026
3.8360000000000003,0,0,0.05557625691824471
3.838,0,0,0.05534697379409648
3.84,0,0,0.05511449748978711
3.842,0,0,0.054878828063130033
3.844,0,0,0.05463996562124132
3.846,0,0,0.05439791032146994
3.848,0,0,0.054152662372397756
3.85,0,0,0.05390422203491547
3.852,0,0,0.05365258962337571
3.854,0,0,0.05339776550683153
3.856,0,0,0.053139750110358944
3.858,0,0,0.05287854391647251
3.86,0,0,0.052614147466638915
3.862,0,0,0.05234656136288914
3.864,0,0,0.05207578626954129
3.866,0,0,0.05180182291503662
3.868,0,0,0.0515246720938923
3.87,0,0,0.051244334668786716
3.872,0,0,0.0509608115727745
3.874,0,0,0.0506741038116474
3.876,0,0,0.050384212466445505
3.878,0,0,0.05009113869612848
3.88,0,0,0.04979488374041825
3.882,0,0,0.049495448922823794
3.884,0,0,0.049192835653856085
3.886,0,0,0.048887045434453186
3.888,0,0,0.048578079859620156
3.89,0,0,0.04826594062230508
3.892,0,0,0.04795062951752291
3.894,0,0,0.04763214844674806
3.896,0,0,0.0473104994225872
3.898,0,0,0.04698568457376099
3.9,0,0,0.046657706150409574
3.902,0,0,0.0463265665297471
3.904,0,0,0.04599226822209201
3.906,0,0,0.04565481387729554
3.908,0,0,0.04531420629160777
3.91,0,0,0.044970448415000565
3.912,0,0,0.04462354335899357
3.914,0,0,0.044273494405015316
3.916,0,0,0.04392030501334332
3.918,0,0,0.04356397883266927
3.92,0,0,0.04320451971033253
3.922,0,0,0.0428419317032868
3.924,0,0,0.0424762190898498
3.926,0,0,0.042107386382303075
3.928,0,0,0.04173543834041542
3.93,0,0,0.04136037998596392
3.932,0,0,0.04098221661833812
3.934,0,0,0.04060095383132379
3.936,0,0,0.040216597531163883
3.938,0,0,0.039829153956017466
3.94,0,0,0.039438629696928754
3.942,0,0,0.03904503172046163
3.944,0,0,0.03864836739313065
3.946,0,0,0.03824864450781595
3.948,0,0,0.037845871312332614
3.95,0,0,0.03744005654037202
3.952,0,0,0.03703120944503433
3.954,0,0,0.036619339835216105
3.956,0,0,0.03620445811512388
3.958,0,0,0.03578657532724257
3.96,0,0,0.03536570319909909
3.962,0,0,0.034941854194217054
3.964,0,0,0.03451504156770762
3.966,0,0,0.034085279426982446
3.968,0,0,0.03365258279814255
3.97,0,0,0.033216967698667596
3.972,0,0,0.03277845121710373
3.974,0,0,0.03233705160053921
3.976,0,0,0.031892788350754375
3.978,0,0,0.0314456823300623
3.98,0,0,0.03099575587797772
3.982,0,0,0.03054303294000889
3.984,0,0,0.03008753921005406
3.986,0,0,0.029629302288079945
3.988,0,0,0.02916835185500161
3.99,0,0,0.028704719866961104
3.992,0,0,0.028238440771523387
3.994,0,0,0.027769551748671892
3.996,0,0,0.027298092979941884
3.998,0,0,0.026824107949518533
4.0,0,0,0.026347643781739028
4.002,0,0,0.025875105452169218
4.0040000000000004,0,0,0.02541279216714845
4.006,0,0,0.02496053036876566
4.008,0,0,0.024518135369297887
4.01,0,0,0.024085420758448786
4.0120000000000005,0,0,0.02366220180992898
4.014,0,0,0.02324829670153798
4.016,0,0,0.022843526922902202
4.018,0,0,0.02244771737776111
4.0200000000000005,0,0,0.022060696371236792
4.022,0,0,0.021682295554477395
4.024,0,0,0.021312349854299254
4.026,0,0,0.020950697398288018
4.0280000000000005,0,0,0.020597179439231717
4.03,0,0,0.02025164028024305
4.032,0,0,0.01991392720099787
4.034,0,0,0.019583890385192614
4.0360000000000005,0,0,0.019261382849220535
4.038,0,0,0.018946260372052867
4.04,0,0,0.018638381426311162
4.042,0,0,0.01833760711053181
4.0440000000000005,0,0,0.01804380108263039
4.046,0,0,0.017756829494582065
4.048,0,0,0.017476560928337728
4.05,0,0,0.017202866332999802
4.0520000000000005,0,0,0.016935618963282027
4.054,0,0,0.016674694319281015
4.056,0,0,0.016419970087584338
4.058,0,0,0.01617132608374423
4.0600000000000005,0,0,0.015928644196143354
4.062,0,0,0.01569180833128142
4.064,0,0,0.015460704360508561
4.066,0,0,0.015235220068232965
4.0680000000000005,0,0,0.01501524510163046
4.07,0,0,0.014800670921880667
4.072,0,0,0.014591390756955706
4.074,0,0,0.0143872995559829
4.0760000000000005,0,0,0.014188293945207564
4.078,0,0,0.013994272185572093
4.08,0,0,0.013805134131932423
4.082,0,0,0.01362078119392526
4.0840000000000005,0,0,0.013441116298501398
4.086,0,0,0.01326604385413328
4.088,0,0,0.013095469716702552
4.09,0,0,0.012929301157071568
4.0920000000000005,0,0,0.012767446830336706
4.094,0,0,0.012609816746757102
4.096,0,0,0.012456322244349867
4.098,0,0,0.01230687596313359
4.1,0,0,0.01216139182100535
4.102,0,0,0.01201978499122019
4.104,0,0,0.011881971881447117
4.106,0,0,0.011747870114366184
4.108,0,0,0.011617398509763855
4.11,0,0,0.011490477068083765
4.112,0,0,0.011367026955382657
4.114,0,0,0.01124697048963603
4.116,0,0,0.011130231128333378
4.118,0,0,0.011016733457303049
4.12,0,0,0.010906403180694307
4.122,0,0,0.010799167112051393
4.124,0,0,0.010694953166401299
4.126,0,0,0.010593690353282094
4.128,0,0,0.01049530877062907
4.13,0,0,0.010399739599444539
4.132,0,0,0.010306915099162648
4.134,0,0,0.010216768603630924
4.136,0,0,0.010129234517626458
4.138,0,0,0.010044248313823589
4.14,0,0,0.00996174653012846
4.142,0,0,0.00988166676730853
4.144,0,0,0.009803947686829559
4.146,0,0,0.009728529008831735
4.148,0,0,0.009655351510167233
4.15,0,0,0.009584357022430759
4.152,0,0,0.009515488429917054
4.154,0,0,0.009448689667442937
4.156,0,0,0.00938390571797194
4.158,0,0,0.009321082609991082
4.16,0,0,0.009260167414587834
4.162,0,0,0.009201108242182373
4.164,0,0,0.009143854238875228
4.166,0,0,0.009088355582372802
4.168,0,0,0.009034563477461597
4.17,0,0,0.008982430151005045
4.172,0,0,0.00893190884644013
4.174,0,0,0.008882953817756709
4.176,0,0,0.00883552032295128
4.178,0,0,0.008789564616941026
4.18,0,0,0.008745043943939546
4.182,0,0,0.008701916529290681
4.184,0,0,0.008660141570768396
4.186,0,0,0.008619679229344724
4.188,0,0,0.008580490619440866
4.19,0,0,0.008542537798672893
4.192,0,0,0.008505783757107978
4.194,0,0,0.008470192406050495
4.196,0,0,0.008435728566377568
4.198,0,0,0.008402357956447849
4.2,0,0,0.008370047179606505
4.202,0,0,0.008338763711313946
4.204,0,0,0.008308475885920444
4.206,0,0,0.008279152883118842
4.208,0,0,0.008250764714100552
4.21,0,0,0.008223282207444178
4.212,0,0,0.00819667699476423
4.214,0,0,0.008170921496150951
4.216,0,0,0.008145988905426288
4.218,0,0,0.008121853175246553
4.22,0,0,0.008098489002080851
4.222,0,0,0.00807587181108614
4.224,0,0,0.008053977740913765
4.226,0,0,0.008032783628467174
4.228,0,0,0.008012266993635586
4.23,0,0,0.007992406024032186
4.232,0,0,0.007973179559754644
4.234,0,0,0.00795456707819057
4.236,0,0,0.007936548678892269
4.238,0,0,0.007919105068534644
4.24,0,0,0.007902217545979189
4.242,0,0,0.007885867987458618
4.244,0,0,0.007870038831899795
4.246,0,0,0.007854713066397961
4.248,0,0,0.007839874211859351
4.25,0,0,0.007825506308820713
4.252,0,0,0.007811593903460248
4.2540000000000004,0,0,0.007798122033808929
4.256,0,0,0.0077850762161743945
4.258,0,0,0.007772442431781024
4.26,0,0,0.007760207113638634
4.2620000000000005,0,0,0.007748357133642766
4.264,0,0,0.00773687978991532
4.266,0,0,0.007725762794387247
4.268,0,0,0.007714994260630406
4.2700000000000005,0,0,0.007704562691938591
4.272,0,0,0.00769445696966383
4.274,0,0,0.007684666341808123
4.276,0,0,0.00767518041186935
4.2780000000000005,0,0,0.007665989127947705
4.28,0,0,0.007657082772107699
4.282,0,0,0.007648451949997322
4.284,0,0,0.00764008758072327
4.2860000000000005,0,0,0.007631980886981984
4.288,0,0,0.00762412338544212
4.29,0,0,0.007616506877378923
4.292,0,0,0.0076091234395563555
4.2940000000000005,0,0,0.007601965415355808
4.296,0,0,0.007595025406146199
4.298,0,0,0.007588296262894382
4.3,0,0,0.007581771078010978
4.3020000000000005,0,0,0.007575443177428072
4.304,0,0,0.007569306112905832
4.306,0,0,0.007563353654561954
4.308,0,0,0.007557579783622772
4.3100000000000005,0,0,0.007551978685388666
4.312,0,0,0.007546544742412134
4.314,0,0,0.007541272527881104
4.316,0,0,0.007536156799206297
4.3180000000000005,0,0,0.0075311924918058755
4.32,0,0,0.007526374713083337
4.322,0,0,0.007521698736593967
4.324,0,0,0.0075171599963957236
4.3260000000000005,0,0,0.0075127540815802495
4.328,0,0,0.007508476730977769
4.33,0,0,0.007504323828033613
4.332,0,0,0.007500291395849349
4.3340000000000005,0,0,0.007496375592387258
4.336,0,0,0.007492572705830278
4.338,0,0,0.007488879150095881
4.34,0,0,0.007485291460498
4.3420000000000005,0,0,0.0074818062895524815
4.344,0,0,0.00747842040292427
4.346,0,0,0.007475130675508161
4.348,0,0,0.007471934087643714
4.3500000000000005,0,0,0.007468827721457039
4.352,0,0,0.00746580875732684
4.354,0,0,0.007462874470471006
4.356,0,0,0.007460022227648648
4.358,0,0,0.007457249483977095
4.36,0,0,0.007454553779856382
4.362,0,0,0.007451932738000578
4.364,0,0,0.0074493840605726475
4.366,0,0,0.00744690552641555
4.368,0,0,0.007444494988383205
4.37,0,0,0.007442150370761656
4.372,0,0,0.007439869666781298
4.374,0,0,0.007437650936215292
4.376,0,0,0.007435492303062893
4.378,0,0,0.007433391953313268
4.38,0,0,0.007431348132789016
4.382,0,0,0.007429359145063878
4.384,0,0,0.007427423349454402
4.386,0,0,0.00742553915908352
4.388,0,0,0.007423705039010941
4.39,0,0,0.00742191950443058
4.392,0,0,0.007420181118931801
4.394,0,0,0.007418488492821453
4.396,0,0,0.0074168402815062
4.398,0,0,0.007415235183931998
4.4,0,0,0.007413671941079025
4.402,0,0,0.0074121493345093
4.404,0,0,0.007410666184968038
4.406,0,0,0.007409221351031808
4.408,0,0,0.007407813727806945
4.41,0,0,0.007406442245673966
4.412,0,0,0.007405105869075566
4.414,0,0,0.00740380359534907
4.416,0,0,0.007402534453599869
4.418,0,0,0.007401297503615116
4.42,0,0,0.007400091834815309
4.422,0,0,0.007398916565244863
4.424,0,0,0.0073977708405964845
4.426,0,0,0.0073966538332726735
4.428,0,0,0.0073955647414777744
4.43,0,0,0.00739450278834562
4.432,0,0,0.007393467221095333
4.434,0,0,0.007392457310218028
4.436,0,0,0.007391472348693246
4.438,0,0,0.007390511651232732
4.44,0,0,0.0073895745535500915
4.442,0,0,0.007388660411657773
4.444,0,0,0.007387768601187485
4.446,0,0,0.0073868985167367205
4.448,0,0,0.007386049571235941
4.45,0,0,0.007385221195339971
4.452,0,0,0.007384412836840048
4.454,0,0,0.007383623960096821
4.456,0,0,0.007382854045493317
4.458,0,0,0.007382102588907076
4.46,0,0,0.0073813691012013126
4.462,0,0,0.007380653107732765
4.464,0,0,0.007379954147878499
4.466,0,0,0.007379271774577783
4.468,0,0,0.007378605553890887
4.47,0,0,0.007377955064572923
4.472,0,0,0.007377319897662634
4.474,0,0,0.007376699656085243
4.476,0,0,0.0073760939542704945
4.478,0,0,0.0073755024177812566
4.48,0,0,0.007374924682958111
4.482,0,0,0.00737436039657348
4.484,0,0,0.007373809215500367
4.486,0,0,0.007373270806390173
4.488,0,0,0.007372744845362698
4.49,0,0,0.007372231017707181
4.492,0,0,0.0073717290175929874
4.494,0,0,0.007371238547790343
4.496,0,0,0.007370759319400369
4.498,0,0,0.007370291051595492
4.5,0,0,0.007369833471366667
4.502,0,0,0.0073693863132812155
4.5040000000000004,0,0,0.00736894931924773
4.506,0,0,0.007368522238289519
4.508,0,0,0.00736810482632528
4.51,0,0,0.007367696845957524
4.5120000000000005,0,0,0.0073672980662675665
4.514,0,0,0.0073669082626178235
4.516,0,0,0.007366527216461584
4.518,0,0,0.007366154715156866
4.5200000000000005,0,0,0.007365790551789222
4.522,0,0,0.0073654345249981315
4.524,0,0,0.0073650864388108495
4.526,0,0,0.007364746102480479
4.5280000000000005,0,0,0.007364413330330321
4.53,0,0,0.007364087941602906
4.532,0,0,0.007363769760313974
4.534,0,0,0.007363458615111299
4.5360000000000005,0,0,0.0073631543391388206
4.538,0,0,0.00736285676990411
4.54,0,0,0.007362565749150302
4.542,0,0,0.007362281122732804
4.5440000000000005,0,0,0.007362002740500475
4.546,0,0,0.007361730456178438
4.548,0,0,0.007361464127257209
4.55,0,0,0.007361203614883885
4.5520000000000005,0,0,0.007360948783756947
4.554,0,0,0.007360699502025398
4.556,0,0,0.007360455641189879
4.558,0,0,0.007360217076007842
4.5600000000000005,0,0,0.007359983684400801
4.562,0,0,0.007359755347365167
4.564,0,0,0.007359531948886142
4.566,0,0,0.00735931337585384
4.5680000000000005,0,0,0.0073590995179822075
4.57,0,0,0.007358890267730215
4.572,0,0,0.0073586855202253144
4.574,0,0,0.007358485173190743
4.5760000000000005,0,0,0.007358289126872542
4.578,0,0,0.00735809728397194
4.58,0,0,0.007357909549576909
4.582,0,0,0.007357725831097318
4.5840000000000005,0,0,0.007357546038201819
4.586,0,0,0.0073573700827571165
4.588,0,0,0.007357197878767803
4.59,0,0,0.007357029342319209
4.5920000000000005,0,0,0.007356864391522174
4.594,0,0,0.007356702946457419
4.596,0,0,0.007356544929124579
4.598,0,0,0.00735639026339034
4.6000000000000005,0,0,0.007356238874938999
4.602,0,0,0.007356090691225171
4.604,0,0,0.007355945641426701
4.606,0,0,0.007355803656399116
4.6080000000000005,0,0,0.007355664668632598
4.61,0,0,0.0073555286122090535
4.612,0,0,0.007355395422760875
4.614,0,0,0.00735526503743049
4.616,0,0,0.007355137394831604
4.618,0,0,0.007355012435011196
4.62,0,0,0.007354890099413414
4.622,0,0,0.007354770330842885
4.624,0,0,0.007354653073431382
4.626,0,0,0.007354538272602429
4.628,0,0,0.007354425875039415
4.63,0,0,0.007354315828654587
4.632,0,0,0.007354208082556809
4.634,0,0,0.007354102587022268
4.636,0,0,0.007353999293465196
4.638,0,0,0.007353898154409339
4.64,0,0,0.007353799123460459
4.642,0,0,0.007353702155279274
4.644,0,0,0.007353607205555619
4.646,0,0,0.007353514230982986
4.648,0,0,0.007353423189234375
4.65,0,0,0.007353334038937027
4.652,0,0,0.007353246739650262
4.654,0,0,0.007353161251842672
4.656,0,0,0.0073530775368693
4.658,0,0,0.007352995556950452
4.66,0,0,0.007352915275151381
4.662,0,0,0.007352836655361129
4.664,0,0,0.007352759662272875
4.666,0,0,0.007352684261365521
4.668,0,0,0.007352610418883338
4.67,0,0,0.0073525381018188975
4.672,0,0,0.007352467277894749
4.674,0,0,0.007352397915546823
4.676,0,0,0.0073523299839064115
4.678,0,0,0.007352263452784432
4.68,0,0,0.007352198292655381
4.682,0,0,0.007352134474641789
4.684,0,0,0.007352071970498801
4.686,0,0,0.007352010752599788
4.688,0,0,0.007351950793920832
4.69,0,0,0.0073518920680281695
4.692,0,0,0.007351834549063788
4.694,0,0,0.007351778211731807
4.696,0,0,0.007351723031285826
4.698,0,0,0.0073516689835163825
4.7,0,0,0.00735161604473839
4.702,0,0,0.0073515641917787766
4.704,0,0,0.007351513401965705
4.706,0,0,0.007351463653116214
4.708,0,0,0.007351414923525219
4.71,0,0,0.007351367191955067
4.712,0,0,0.007351320437624345
4.714,0,0,0.007351274640197738
4.716,0,0,0.0073512297797766425
4.718,0,0,0.007351185836887774
4.72,0,0,0.007351142792474923
4.722,0,0,0.0073511006278890205
4.724,0,0,0.007351059324879183
4.726,0,0,0.007351018865583648
4.728,0,0,0.0073509792325209605
4.73,0,0,0.0073509404085817425
4.732,0,0,0.007350902377020298
4.734,0,0,0.007350865121446807
4.736,0,0,0.007350828625818458
4.738,0,0,0.007350792874432422
4.74,0,0,0.007350757851918989
4.742,0,0,0.00735072354323308
4.744,0,0,0.007350689933647576
4.746,0,0,0.007350657008746004
4.748,0,0,0.0073506247544164
4.75,0,0,0.007350593156844058
4.752,0,0,0.007350562202504829
4.7540000000000004,0,0,0.007350531878159632
4.756,0,0,0.007350502170847136
4.758,0,0,0.007350473067878486
4.76,0,0,0.007350444556830908
4.7620000000000005,0,0,0.007350416625542046
4.764,0,0,0.007350389262104867
4.766,0,0,0.00735036245486087
4.768,0,0,0.007350336192396042
4.7700000000000005,0,0,0.007350310463534377
4.772,0,0,0.007350285257333913
4.774,0,0,0.007350260563081132
4.776,0,0,0.0073502363702854555
4.7780000000000005,0,0,0.007350212668674874
4.78,0,0,0.007350189448191987
4.782,0,0,0.007350166698987956
4.784,0,0,0.007350144411419705
4.7860000000000005,0,0,0.007350122576044139
4.788,0,0,0.0073501011836140774
4.79,0,0,0.007350080225074795
4.792,0,0,0.0073500596915593835
4.7940000000000005,0,0,0.007350039574384592
4.796,0,0,0.007350019865047339
4.798,0,0,0.007350000555220675
4.8,0,0,0.007349981636749827
4.8020000000000005,0,0,0.007349963101648901
4.804,0,0,0.007349944942097272
4.806,0,0,0.007349927150435385
4.808,0,0,0.007349909719162698
4.8100000000000005,0,0,0.007349892640932868
4.812,0,0,0.00734987590855156
4.814,0,0,0.007349859514972682
4.816,0,0,0.007349843453295167
4.8180000000000005,0,0,0.007349827716760576
4.82,0,0,0.007349812298749447
4.822,0,0,0.007349797192778846
4.824,0,0,0.007349782392498653
4.8260000000000005,0,0,0.007349767891690196
4.828,0,0,0.007349753684261705
4.83,0,0,0.0073497397642472906
4.832,0,0,0.007349726125803385
4.8340000000000005,0,0,0.007349712763206336
4.836,0,0,0.007349699670850311
4.838,0,0,0.007349686843244014
4.84,0,0,0.007349674275009227
4.8420000000000005,0,0,0.007349661960877531
4.844,0,0,0.007349649895689123
4.846,0,0,0.007349638074388931
4.848,0,0,0.007349626492026291
4.8500000000000005,0,0,0.007349615143751687
4.852,0,0,0.007349604024814566
4.854,0,0,0.007349593130561941
4.856,0,0,0.007349582456435655
4.8580000000000005,0,0,0.007349571997971129
4.86,0,0,0.007349561750794296
4.862,0,0,0.007349551710621436
4.864,0,0,0.007349541873255269
4.866,0,0,0.007349532234585299
4.868,0,0,0.007349522790584332
4.87,0,0,0.007349513537307265
4.872,0,0,0.007349504470889757
4.874,0,0,0.007349495587546182
4.876,0,0,0.007349486883568437
4.878,0,0,0.007349478355323406
4.88,0,0,0.00734946999925214
4.882,0,0,0.007349461811868686
4.884,0,0,0.007349453789757741
4.886,0,0,0.007349445929573553
4.888,0,0,0.007349438228038502
4.89,0,0,0.007349430681941819
4.892,0,0,0.007349423288138097
4.894,0,0,0.007349416043545516
4.896,0,0,0.007349408945145384
4.898,0,0,0.00734940198998039
4.9,0,0,0.007349395175153006
4.902,0,0,0.007349388497824876
4.904,0,0,0.007349381955215311
4.906,0,0,0.007349375544599931
4.908,0,0,0.00734936926330999
4.91,0,0,0.007349363108730928
4.912,0,0,0.007349357078301077
4.914,0,0,0.007349351169511005
4.916,0,0,0.00734934537990212
4.918,0,0,0.007349339707065465
4.92,0,0,0.0073493341486414445
4.922,0,0,0.007349328702317959
4.924,0,0,0.007349323365829936
4.926,0,0,0.0073493181369584685
4.928,0,0,0.0073493130135294385
4.93,0,0,0.007349307993412595
4.932,0,0,0.007349303074521428
4.934,0,0,0.007349298254810978
4.936,0,0,0.007349293532278751
4.938,0,0,0.007349288904961837
4.94,0,0,0.007349284370937571
4.942,0,0,0.00734927992832218
4.944,0,0,0.007349275575270193
4.946,0,0,0.007349271309973179
4.948,0,0,0.007349267130659767
4.95,0,0,0.007349263035594129
4.952,0,0,0.007349259023075742
4.954,0,0,0.0073492550914381685
4.956,0,0,0.007349251239049231
4.958,0,0,0.0073492474643096104
4.96,0,0,0.007349243765652051
4.962,0,0,0.007349240141541063
4.964,0,0,0.007349236590472433
4.966,0,0,0.007349233110972646
4.968,0,0,0.007349229701597482
4.97,0,0,0.00734922636093201
4.972,0,0,0.0073492230875901315
4.974,0,0,0.007349219880213843
4.976,0,0,0.007349216737471953
4.978,0,0,0.007349213658061103
4.98,0,0,0.007349210640703651
4.982,0,0,0.007349207684147945
4.984,0,0,0.007349204787167796
4.986,0,0,0.007349201948561495
4.988,0,0,0.007349199167151692
4.99,0,0,0.007349196441785246
4.992,0,0,0.007349193771331683
4.994,0,0,0.007349191154684006
4.996,0,0,0.007349188590757012
4.998,0,0,0.00734918607848761
5.0,0,0,0.007349183616834048
