sensor,pixel_u,pixel_v,axial_depth_m,world_x_m,world_y_m,world_z_m
robot_0/link6_sensor_0,0,0,0.5935056,1.0735263493898608,-0.4379999587446344,1.265181613024658
robot_0/link6_sensor_0,1,0,0.5055662,0.9508838371211061,-0.4379999540987295,1.2368626248500374
robot_0/link6_sensor_0,2,0,0.44032368,0.859895015878478,-0.43799997393934664,1.2158526977933182
robot_0/link6_sensor_0,3,0,0.38999537,0.7897059138359115,-0.43799996581597117,1.1996455557849839
robot_0/link6_sensor_0,4,0,0.34999186,0.7339160275321776,-0.43799997108745514,1.1867632954058118
robot_0/link6_sensor_0,5,0,0.31743154,0.6885065950223495,-0.4379999786206019,1.17627795296592
robot_0/link6_sensor_0,6,0,0.29041386,0.6508270636762417,-0.43799998205801155,1.1675774954349367
robot_0/link6_sensor_0,7,0,0.26763457,0.6190585000321542,-0.4379999906591945,1.160241922380664
robot_0/link6_sensor_0,0,1,0.5759885,1.0546795130789177,-0.4379999914722926,1.199248170969433
robot_0/link6_sensor_0,1,1,0.49279964,0.93785597493451,-0.43799998209024316,1.1811669244096363
robot_0/link6_sensor_0,2,1,0.43060783,0.8505189228894834,-0.43799996987116796,1.1676494176889087
robot_0/link6_sensor_0,3,1,0.38235432,0.7827556822859926,-0.43799995829360716,1.1571614278139783
robot_0/link6_sensor_0,4,1,0.34382558,0.7286490808930551,-0.43799996789283435,1.1487871369274292
robot_0/link6_sensor_0,5,1,0.3123509,0.6844486101584478,-0.43799998875171775,1.1419460608026624
robot_0/link6_sensor_0,6,1,0.28615543,0.6476618842660133,-0.4379999584686016,1.1362524234582734
robot_0/link6_sensor_0,7,1,0.26401383,0.6165680201063677,-0.4379999738956931,1.131439907261522
robot_0/link6_sensor_0,0,2,0.5594756,1.0369131995662757,-0.43799997644002003,1.1370951451328195
robot_0/link6_sensor_0,1,2,0.48066193,0.9254698200444053,-0.4379999826587751,1.128214785518398
robot_0/link6_sensor_0,2,2,0.42131147,0.8415476593353737,-0.43799995921535695,1.1215274460900757
robot_0/link6_sensor_0,3,2,0.37500697,0.7760725930637213,-0.4379999763357088,1.1163100721837191
robot_0/link6_sensor_0,4,2,0.3378728,0.7235645017397676,-0.43799995487370663,1.1121259620403616
robot_0/link6_sensor_0,5,2,0.30743027,0.6805184398799923,-0.4379999464233816,1.1086958363913622
robot_0/link6_sensor_0,6,2,0.28202012,0.6445882046388957,-0.4379999643621318,1.1058327413148532
robot_0/link6_sensor_0,7,2,0.26048973,0.6141440215214486,-0.4379999470419714,1.1034067937597296
robot_0/link6_sensor_0,0,3,0.31337535,0.7985061771689017,-0.3339999498645356,1.060527085592444
robot_0/link6_sensor_0,1,3,0.46910778,0.9136791657944421,-0.4379999964760017,1.0778083815716917
robot_0/link6_sensor_0,2,3,0.41240805,0.8329555936811625,-0.43799996660996343,1.0773548398667743
robot_0/link6_sensor_0,3,3,0.36793664,0.769641478755171,-0.43799996853774525,1.0769991164573445
robot_0/link6_sensor_0,4,3,0.33212268,0.7186530143235564,-0.43799997089377307,1.076712643491668
robot_0/link6_sensor_0,5,3,0.30266234,0.6767102228779479,-0.43799996771886585,1.0764769918068038
robot_0/link6_sensor_0,6,3,0.27800262,0.6416020915686149,-0.43799996142790354,1.0762797394450723
robot_0/link6_sensor_0,7,3,0.2570585,0.6117838925692052,-0.43799994288491595,1.0761122060538624
robot_0/link6_sensor_0,0,4,0.30554187,0.7900000596016779,-0.3343075994486484,1.0285288229803766
robot_0/link6_sensor_0,1,4,0.45809606,0.9024420475260971,-0.43800000631535774,1.0297684312466968
robot_0/link6_sensor_0,2,4,0.40387315,0.8247191490269237,-0.4379999667516382,1.0350105618815946
robot_0/link6_sensor_0,3,4,0.36112797,0.763448373578453,-0.4379999553635386,1.0391430575316556
robot_0/link6_sensor_0,4,4,0.326565,0.7139058965737011,-0.43799997947143887,1.0424845240451124
robot_0/link6_sensor_0,5,4,0.29804003,0.673018314042021,-0.43799997323801887,1.0452422460233246
robot_0/link6_sensor_0,6,4,0.27409798,0.6386998641148899,-0.4379999647089396,1.047556903097448
robot_0/link6_sensor_0,7,4,0.2537165,0.6094851357655331,-0.43799994796357344,1.0495273315430351
robot_0/link6_sensor_0,0,5,0.30656198,0.7900000713583077,-0.3386354442556918,0.9970076854637155
robot_0/link6_sensor_0,1,5,0.44758943,0.8917203613047955,-0.43800000142923945,0.9839321123154673
robot_0/link6_sensor_0,2,5,0.39568436,0.8168167212249534,-0.4379999804639114,0.9943834003455245
robot_0/link6_sensor_0,3,5,0.35456675,0.7574803388596658,-0.4379999690829688,1.0026625924716122
robot_0/link6_sensor_0,4,5,0.3211902,0.7093150094823946,-0.43799995366523936,1.009383090009739
robot_0/link6_sensor_0,5,5,0.29355678,0.6694374734796751,-0.43799997524693657,1.0149471939949468
robot_0/link6_sensor_0,6,5,0.27030152,0.6358780420508909,-0.4379999839199925,1.0196297341069023
robot_0/link6_sensor_0,7,5,0.2504603,0.6072453916635243,-0.43799997033520166,1.0236248413039748
robot_0/link6_sensor_0,0,6,0.50191826,0.9749868338046691,-0.43799998374607946,0.9204537617743063
robot_0/link6_sensor_0,1,6,0.43755394,0.8814794633145722,-0.43799999823123925,0.9401512024524518
robot_0/link6_sensor_0,2,6,0.38782102,0.8092283583564945,-0.43799997769877574,0.9553709870444566
robot_0/link6_sensor_0,3,6,0.34823966,0.7517252707178652,-0.43799995697030414,0.9674840838237154
robot_0/link6_sensor_0,4,6,0.31598952,0.7048728253492252,-0.4379999654561478,0.9773536080265983
robot_0/link6_sensor_0,5,6,0.28920642,0.6659627710087332,-0.4379999849700744,0.9855500571988577
robot_0/link6_sensor_0,6,6,0.26660874,0.6331332960012864,-0.4379999580202313,0.992465627785817
robot_0/link6_sensor_0,7,6,0.24728659,0.605062396529032,-0.4379999639706351,0.9983787966088653
robot_0/link6_sensor_0,0,7,0.16863394,0.657187780827891,-0.27717757163384876,0.9799999471426174
robot_0/link6_sensor_0,1,7,0.1744359,0.6498404799341182,-0.2926320895295591,0.9799999496837224
robot_0/link6_sensor_0,2,7,0.18065134,0.6419695962323844,-0.3091879525666027,0.9799999488758392
robot_0/link6_sensor_0,3,7,0.18732606,0.6335170724346766,-0.3269672228648819,0.9799999523759945
robot_0/link6_sensor_0,4,7,0.19451296,0.624415990899557,-0.3461107369560761,0.9799999495137077
robot_0/link6_sensor_0,5,7,0.20227334,0.6145887130826136,-0.3667817725997212,0.9799999442307666
robot_0/link6_sensor_0,6,7,0.21067864,0.6039446875032758,-0.38917071988143603,0.9799999470293832
robot_0/link6_sensor_0,7,7,0.2198128,0.5923777125671602,-0.41350107151425475,0.9799999438858501
robot_0/link6_sensor_1,0,0,1.8461658,0.6222069316819568,-1.3266643503605016,2.779999779605161
robot_0/link6_sensor_1,1,0,1.8368667,0.4532958600794608,-1.2315765892830253,2.779999958787571
robot_0/link6_sensor_1,2,0,1.8276607,0.2860778664355594,-1.137441811652719,2.7799999267926703
robot_0/link6_sensor_1,3,0,1.8185467,0.12052761719503491,-1.0442460053497724,2.7800000930244915
robot_0/link6_sensor_1,4,0,1.8095227,-0.04337964138688738,-0.9519749275157374,2.779999951988237
robot_0/link6_sensor_1,5,0,1.800588,-0.20566828472417387,-0.8606150755944774,2.779999864122118
robot_0/link6_sensor_1,6,0,1.7917414,-0.36636228911542246,-0.770153091902415,2.780000058809099
robot_0/link6_sensor_1,7,0,1.7829808,-0.5254847461856633,-0.6805755501512304,2.7799998349532826
robot_0/link6_sensor_1,0,1,2.013833,0.5709818297567724,-1.5525343400980816,2.779999760883339
robot_0/link6_sensor_1,1,1,2.0027733,0.38709596250316336,-1.4476177487364652,2.7799999406786564
robot_0/link6_sensor_1,2,1,1.9918342,0.20521884422383904,-1.3438471414650688,2.7799999691256954
robot_0/link6_sensor_1,3,1,1.981014,0.025317731057907134,-1.241204029638376,2.780000101535541
robot_0/link6_sensor_1,4,1,1.9703106,-0.15263934525647394,-1.139669953295866,2.7800000471307387
robot_0/link6_sensor_1,5,1,1.9597223,-0.32868378987069224,-1.0392272125111142,2.7800000940979164
robot_0/link6_sensor_1,6,1,1.9492469,-0.5028461120587744,-0.9398581232501027,2.7799998770980285
robot_0/link6_sensor_1,7,1,1.9388833,-0.6751566519937847,-0.8415458590072358,2.7800000350532077
robot_0/link6_sensor_1,0,2,2.2149975,0.5095228637796696,-1.823529366756503,2.7799999204297157
robot_0/link6_sensor_1,1,2,2.2016249,0.30775033687372333,-1.7065595123526767,2.779999863154083
robot_0/link6_sensor_1,2,2,2.188413,0.10839949656995257,-1.590993678139941,2.7799999566347156
robot_0/link6_sensor_1,3,2,2.1753585,-0.08857299812258174,-1.476806574849498,2.7800000258371713
robot_0/link6_sensor_1,4,2,2.162459,-0.283209430695446,-1.363973647881772,2.780000025527822
robot_0/link6_sensor_1,5,2,2.1497114,-0.4755511360205229,-1.2524710194014448,2.78000004583815
robot_0/link6_sensor_1,6,2,2.1371133,-0.6656384908284433,-1.1422753211368732,2.7800001279338167
robot_0/link6_sensor_1,7,2,2.124662,-0.853510773531395,-1.0333635966654569,2.7800000730065753
robot_0/link6_sensor_1,0,3,2.2079809,0.43044179895916573,-1.950000003835688,2.605115145266145
robot_0/link6_sensor_1,1,3,2.3489237,0.2181223538683646,-1.9499997939974598,2.7135705096639224
robot_0/link6_sensor_1,2,3,2.428042,-0.009623089051942812,-1.892264775958745,2.7799998875834504
robot_0/link6_sensor_1,3,3,2.4119828,-0.2272406411402682,-1.7636644460288737,2.780000052594195
robot_0/link6_sensor_1,4,3,2.3961344,-0.44199835066114046,-1.6367539049064366,2.780000020828164
robot_0/link6_sensor_1,5,3,2.380493,-0.6539522853916632,-1.511500278181454,2.780000015901055
robot_0/link6_sensor_1,6,3,2.3650541,-0.8631568656459095,-1.3878711855872494,2.7799998470188587
robot_0/link6_sensor_1,7,3,2.3498147,-1.0696655385802574,-1.2658355284450857,2.7799999340865105
robot_0/link6_sensor_1,0,4,2.0564232,0.35473840714403126,-1.9500000707490732,2.342422839195545
robot_0/link6_sensor_1,1,4,2.1781483,0.1533742930798441,-1.9500002277689217,2.4274439490829245
robot_0/link6_sensor_1,2,4,2.31519,-0.07332812782170794,-1.9500001040750694,2.5231633343739226
robot_0/link6_sensor_1,3,4,2.4706345,-0.33047267750205667,-1.9500002132613394,2.6317363156299027
robot_0/link6_sensor_1,4,4,2.6484547,-0.6246324270627629,-1.950000392081967,2.755938095096064
robot_0/link6_sensor_1,5,4,2.6667848,-0.8752645556673143,-1.832834266327017,2.780000006622944
robot_0/link6_sensor_1,6,4,2.6474242,-1.1078399147497815,-1.692111908063823,2.779999800794701
robot_0/link6_sensor_1,7,4,2.628343,-1.3370628996473797,-1.553418259391079,2.779999819545452
robot_0/link6_sensor_1,0,5,1.9243351,0.28876016670361393,-1.9500000712307006,2.1134769602615258
robot_0/link6_sensor_1,1,5,2.0305214,0.09740304247573711,-1.950000205608329,2.1801022364402205
robot_0/link6_sensor_1,2,5,2.1491106,-0.1163058388640168,-1.9500000152855228,2.2545095882131787
robot_0/link6_sensor_1,3,5,2.282411,-0.3565257230082558,-1.949999958024499,2.3381474043525086
robot_0/link6_sensor_1,4,5,2.4333417,-0.6285160839395937,-1.9500002077271834,2.432846983804418
robot_0/link6_sensor_1,5,5,2.6056468,-0.9390256424185254,-1.9500002141806752,2.5409577351339108
robot_0/link6_sensor_1,6,5,2.8042133,-1.296860662143731,-1.9500001450889797,2.665545846851012
robot_0/link6_sensor_1,7,5,2.9817798,-1.676374858255898,-1.9183442795137804,2.7799997406397257
robot_0/link6_sensor_1,0,6,1.8081914,0.23074619203932903,-1.9500000269624838,1.9121672155362426
robot_0/link6_sensor_1,1,6,1.9016356,0.04853723934551307,-1.950000294074469,1.9641602459694334
robot_0/link6_sensor_1,2,6,2.0052638,-0.15353034676420163,-1.950000184046882,2.021819726447776
robot_0/link6_sensor_1,3,6,2.1208375,-0.3788903609361248,-1.9500002876910756,2.0861257427350073
robot_0/link6_sensor_1,4,6,2.2505474,-0.6318161490510795,-1.9499998658531994,2.158297358857941
robot_0/link6_sensor_1,5,6,2.3971581,-0.9176957403600013,-1.9500002340303242,2.239872616195616
robot_0/link6_sensor_1,6,6,2.5642014,-1.2434175626740007,-1.9500003922141549,2.3328166715989935
robot_0/link6_sensor_1,7,6,2.7562683,-1.6179343597093432,-1.950000241748807,2.439684126797562
robot_0/link6_sensor_1,0,7,1.7052696,0.17933649549742445,-1.9500000933066053,1.7337745415778063
robot_0/link6_sensor_1,1,7,1.7881349,0.005504669346201363,-1.9500001295290728,1.7739954626578807
robot_0/link6_sensor_1,2,7,1.8794652,-0.1860843449447912,-1.9500002908984326,1.8183250537939775
robot_0/link6_sensor_1,3,7,1.980627,-0.3982977653170483,-1.950000240881377,1.8674266128644392
robot_0/link6_sensor_1,4,7,2.0932982,-0.634655422190744,-1.9500002162350427,1.9221146324286722
robot_0/link6_sensor_1,5,7,2.2195613,-0.899526114906244,-1.9499999368546006,1.9833998628127518
robot_0/link6_sensor_1,6,7,2.3620346,-1.198401035443264,-1.9500000186808675,2.052553055353605
robot_0/link6_sensor_1,7,7,2.5240533,-1.5382774938494572,-1.9500003173087488,2.1311931866598277
robot_0/link6_sensor_2,0,0,0.27956316,0.5827272481096819,-0.4299999807046987,1.1782489397046771
robot_0/link6_sensor_2,1,0,0.28394145,0.5561314292804251,-0.4379999860287792,1.1831574437349202
robot_0/link6_sensor_2,2,0,1.9850185,1.0993097168927144,-1.949999964754926,2.047872683867942
robot_0/link6_sensor_2,3,0,1.952051,0.8891154046231726,-1.949999993075008,2.0502498894274686
robot_0/link6_sensor_2,4,0,1.9201607,0.6857888859399548,-1.9499999198677338,2.0525493653079643
robot_0/link6_sensor_2,5,0,1.8892956,0.48899901702100956,-1.9499999329440458,2.054774964747679
robot_0/link6_sensor_2,6,0,1.8594071,0.29843554879195505,-1.9499999422462366,2.056930144633569
robot_0/link6_sensor_2,7,0,1.8304496,0.11380756562984617,-1.9500000320740718,2.059018243624939
robot_0/link6_sensor_2,0,1,0.2736707,0.5776177301105886,-0.4299999850180385,1.1475583717650397
robot_0/link6_sensor_2,1,1,0.27805737,0.5515957375030048,-0.4379999702846429,1.1519675096381012
robot_0/link6_sensor_2,2,1,1.944564,1.072020865284495,-1.9500000436241762,1.829699264612997
robot_0/link6_sensor_2,3,1,1.912916,0.8664847220334717,-1.9500001304382457,1.8355796476692081
robot_0/link6_sensor_2,4,1,1.8822814,0.6675316771005557,-1.9500000860003985,1.8412716296242824
robot_0/link6_sensor_2,5,1,1.8526126,0.47485048487712356,-1.9500000267648885,1.8467841684914454
robot_0/link6_sensor_2,6,1,1.8238647,0.28814916852421535,-1.9500000818219332,1.8521256767970296
robot_0/link6_sensor_2,7,1,1.7959952,0.10715360777686073,-1.9500000320483935,1.8573038966842643
robot_0/link6_sensor_2,0,2,0.26242423,0.569773506580427,-0.4249999873436684,1.1165461101162977
robot_0/link6_sensor_2,1,2,0.27890757,0.549999973925388,-0.44389943258475306,1.1239511672566231
robot_0/link6_sensor_2,2,2,1.9057254,1.0458220537310103,-1.9500000240536568,1.6202409122902497
robot_0/link6_sensor_2,3,2,1.875319,0.844743574561422,-1.9500000955879409,1.6293476783893204
robot_0/link6_sensor_2,4,2,1.8458675,0.6499808261795499,-1.949999994629498,1.6381683488602459
robot_0/link6_sensor_2,5,2,1.817327,0.46124091025445957,-1.9500001308451573,1.6467163300198895
robot_0/link6_sensor_2,6,2,1.7896556,0.2782486632211248,-1.9500001622839194,1.6550039661073859
robot_0/link6_sensor_2,7,2,1.7628142,0.10074548214140988,-1.9500002089534356,1.6630430104516756
robot_0/link6_sensor_2,0,3,0.26256478,0.5680000066209523,-0.4299671197793931,1.0898949300273177
robot_0/link6_sensor_2,1,3,0.28361112,0.5499999774837112,-0.45340114769530704,1.0965016648973271
robot_0/link6_sensor_2,2,3,1.8684078,1.0206492982129403,-1.9500000513158169,1.4189857196649946
robot_0/link6_sensor_2,3,3,1.8391715,0.8238405817615542,-1.9500001315698352,1.4310661371423432
robot_0/link6_sensor_2,4,3,1.8108358,0.6330961598605085,-1.9499999756665973,1.442774264158972
robot_0/link6_sensor_2,5,3,1.7833604,0.4481400720266349,-1.9500001592048024,1.4541271747011257
robot_0/link6_sensor_2,6,3,1.756706,0.2687127239509178,-1.9500001513671195,1.465140678410423
robot_0/link6_sensor_2,7,3,1.7308366,0.09456989370279478,-1.9500001095584634,1.475829802931648
robot_0/link6_sensor_2,0,4,0.25739506,0.5635046544137026,-0.4299999854134109,1.0627875344715316
robot_0/link6_sensor_2,1,4,0.33235782,0.5679999945423848,-0.5047032288372768,1.0720732519653868
robot_0/link6_sensor_2,2,4,0.442353,0.567999985408969,-0.6152856611259454,1.08633063437569
robot_0/link6_sensor_2,3,4,1.804391,0.8037281375960632,-1.9499999840718945,1.2402839243646977
robot_0/link6_sensor_2,4,4,1.7771091,0.6168404520031757,-1.9500000136454219,1.2546586011278744
robot_0/link6_sensor_2,5,4,1.75064,0.4355199695946288,-1.9500001108393714,1.268605079021624
robot_0/link6_sensor_2,6,4,1.7249478,0.2595215679960303,-1.9500001761530212,1.2821421990757487
robot_0/link6_sensor_2,7,4,1.6999986,0.0886143555018109,-1.9500000589756594,1.2952877011628199
robot_0/link6_sensor_2,0,5,0.25404245,0.5599999743523116,-0.4315659210932617,1.0366928114909923
robot_0/link6_sensor_2,1,5,0.33815837,0.5679999801970719,-0.5164210464652156,1.0382215227863962
robot_0/link6_sensor_2,2,5,0.4526881,0.567999990464055,-0.6335558396276114,1.041346889398578
robot_0/link6_sensor_2,3,5,1.7709017,0.7843622873180974,-1.9499999466939584,1.056583538542243
robot_0/link6_sensor_2,4,5,1.7446157,0.6011791833937088,-1.9499999256103058,1.0734220944399824
robot_0/link6_sensor_2,5,5,1.7190988,0.42335461969104426,-1.95000012024963,1.0897680883832859
robot_0/link6_sensor_2,6,5,1.6943175,0.250656835082869,-1.9500001621192289,1.1056428144854056
robot_0/link6_sensor_2,7,5,1.6702403,0.08286731096596256,-1.9500000557539132,1.121066359533407
robot_0/link6_sensor_2,0,6,0.25585172,0.5591137058869888,-0.4380000072065219,1.0106459362997016
robot_0/link6_sensor_2,1,6,0.34416506,0.5679999953495481,-0.5285552190905138,1.0031671875329926
robot_0/link6_sensor_2,2,6,0.46351764,0.5679999844091213,-0.6527001280992231,0.9942108721748284
robot_0/link6_sensor_2,3,6,1.738633,0.7657022406797127,-1.9500001494539272,0.8795778056480001
robot_0/link6_sensor_2,4,6,1.7132894,0.5860803703120936,-1.9500001115331416,0.8986941806875053
robot_0/link6_sensor_2,5,6,1.688674,0.41161987756119683,-1.9500000826044017,0.917261252168127
robot_0/link6_sensor_2,6,6,1.664756,0.24210143739351672,-1.950000135794252,0.9353023566210248
robot_0/link6_sensor_2,7,6,1.6415058,0.0773180128559941,-1.9500000287857688,0.9528395455679161
robot_0/link6_sensor_2,0,7,0.25106442,0.5549625158650939,-0.4379999784355848,0.9857117158390075
robot_0/link6_sensor_2,1,7,0.3298279,0.5600000074905336,-0.5205577608858213,0.9712586261384514
robot_0/link6_sensor_2,2,7,0.47487804,0.5679999852812685,-0.6727828591645839,0.9447643308145783
robot_0/link6_sensor_2,3,7,1.707519,0.7477100066920956,-1.9500000707132379,0.7089073386076088
robot_0/link6_sensor_2,4,7,1.683068,0.5715142047436075,-1.9500000879974018,0.7301304434989517
robot_0/link6_sensor_2,5,7,1.6593074,0.40029327759424316,-1.9500000713925667,0.7507543212720311
robot_0/link6_sensor_2,6,7,1.6362083,0.2338394578499766,-1.950000129664624,0.7708039796490089
robot_0/link6_sensor_2,7,7,1.6137434,0.07195640724512248,-1.9500000810253637,0.7903030984233171
robot_0/link6_sensor_3,0,0,0.8560948,1.3479999905380802,0.360454661616264,1.3032576018669015
robot_0/link6_sensor_3,1,0,0.84171903,1.3479998544269098,0.2668245878258906,1.3031187088947043
robot_0/link6_sensor_3,2,0,0.82781833,1.3479999363656876,0.17628717136562716,1.3029844772209567
robot_0/link6_sensor_3,3,0,0.8143693,1.3480000282630822,0.08869156282028451,1.3028546114494732
robot_0/link6_sensor_3,4,0,0.80135024,1.348000037247918,0.0038966582245829884,1.3027288703351543
robot_0/link6_sensor_3,5,0,0.7887409,1.3480000537596109,-0.07822972425922499,1.3026070890237649
robot_0/link6_sensor_3,6,0,0.77652216,1.3480000448104392,-0.15781160171652547,1.3024890722416806
robot_0/link6_sensor_3,7,0,0.7646763,1.3480000694638172,-0.23496542700135795,1.302374667648852
robot_0/link6_sensor_3,0,1,0.8571921,1.3480000311139908,0.3562290136382721,1.2149835378936809
robot_0/link6_sensor_3,1,1,0.8427798,1.3479999214681953,0.2625520045709063,1.2163286634006296
robot_0/link6_sensor_3,2,1,0.8288443,1.3479999636093511,0.17197300900670104,1.217629340008388
robot_0/link6_sensor_3,3,1,0.81536216,1.3480000017699367,0.0843407657343698,1.218887701846974
robot_0/link6_sensor_3,4,1,0.80231154,1.3479999896619779,-0.0004862256748610072,1.2201057695249056
robot_0/link6_sensor_3,5,1,0.78967214,1.3479999981449906,-0.08264052870952801,1.2212854638248745
robot_0/link6_sensor_3,6,1,0.7774248,1.3480000271170804,-0.16224650497469162,1.2224285704888045
robot_0/link6_sensor_3,7,1,0.76555157,1.348000038415591,-0.23942091185441805,1.2235367568052316
robot_0/link6_sensor_3,0,2,0.85829216,1.3480000019131335,0.35199248020773827,1.1264828796597557
robot_0/link6_sensor_3,1,2,0.84384334,1.3480000501430753,0.2582686656177977,1.1293195939127416
robot_0/link6_sensor_3,2,2,0.8298729,1.3480000646271355,0.1676481637338344,1.1320623764549764
robot_0/link6_sensor_3,3,2,0.8163575,1.3480000533793852,0.07997936415572407,1.1347158171631726
robot_0/link6_sensor_3,4,2,0.8032752,1.3480000168379092,-0.004879629340140079,1.1372842108250412
robot_0/link6_sensor_3,5,2,0.79060566,1.3480000065680404,-0.08706176055576294,1.1397715885113522
robot_0/link6_sensor_3,6,2,0.77832955,1.3479999941210732,-0.16669172937723717,1.1421817204417177
robot_0/link6_sensor_3,7,2,0.7664289,1.3480000286633445,-0.24388661242261844,1.1445181571002894
robot_0/link6_sensor_3,0,3,0.859395,1.3479999486643233,0.3477450458220553,1.0377547774850913
robot_0/link6_sensor_3,1,3,0.8449093,1.3479999478991394,0.2539744021035431,1.0420906444463371
robot_0/link6_sensor_3,2,3,0.83090395,1.348000057514265,0.16331253604980556,1.046282768802756
robot_0/link6_sensor_3,3,3,0.81735516,1.347999998756209,0.07560727886274785,1.0503381756588415
robot_0/link6_sensor_3,4,3,0.8042412,1.3479999914081062,-0.009283605441783208,1.0542634505770596
robot_0/link6_sensor_3,5,3,0.7915414,1.3480000105347796,-0.09149345809714833,1.0580647581440807
robot_0/link6_sensor_3,6,3,0.77923644,1.3479999996264276,-0.17114731593315158,1.0617478777083569
robot_0/link6_sensor_3,7,3,0.76730824,1.3480000329213078,-0.24836256280764604,1.0653182399296774
robot_0/link6_sensor_3,0,4,0.8605009,1.3480000278398654,0.3434867542425726,0.9487983462822677
robot_0/link6_sensor_3,1,4,0.8459781,1.3479999447562623,0.2496693181700726,0.9546410266257984
robot_0/link6_sensor_3,2,4,0.83193755,1.3480000483261887,0.15896612107374952,0.9602897495499203
robot_0/link6_sensor_3,3,4,0.81835526,1.3479999462904435,0.0712244948007972,0.965754047447559
robot_0/link6_sensor_3,4,4,0.80520946,1.3479999645562772,-0.013698186152322073,0.9710427821223615
robot_0/link6_sensor_3,5,4,0.7924793,1.3479999418369437,-0.0959356582955817,0.9761642924350946
robot_0/link6_sensor_3,6,4,0.7801454,1.347999974686161,-0.17561329451146135,0.981126380169789
robot_0/link6_sensor_3,7,4,0.5837812,1.1556063666621739,-0.21470607597655322,0.9956597970042713
robot_0/link6_sensor_3,0,5,0.6241876,1.1271544299881606,0.21985329754382987,0.9055833408544036
robot_0/link6_sensor_3,1,5,0.84704965,1.3480000306429396,0.24535336667681895,0.8669698714980576
robot_0/link6_sensor_3,2,5,0.61373144,1.1370539505151347,0.08918505947235095,0.914183983922988
robot_0/link6_sensor_3,3,5,0.8193579,1.3479999454984997,0.06683098254391795,0.8809626639235187
robot_0/link6_sensor_3,4,5,0.8061801,1.347999987180413,-0.018123404981609442,0.8876214741511956
robot_0/link6_sensor_3,5,5,0.7934194,1.3479999131765954,-0.10038839822491566,0.894069505914803
robot_0/link6_sensor_3,6,5,0.597356,1.1595021656429916,-0.15983191835608715,0.929980438789881
robot_0/link6_sensor_3,7,5,0.5579698,1.12800864792856,-0.21249702159520056,0.93932980460802
robot_0/link6_sensor_3,0,6,0.6309108,1.132652181767968,0.21969454582160908,0.8390489032790064
robot_0/link6_sensor_3,1,6,0.8481239,1.3480000828381629,0.24102645339901868,0.7790763448787732
robot_0/link6_sensor_3,2,6,0.6104414,1.1331568483633636,0.0847792318377924,0.8516695325635462
robot_0/link6_sensor_3,3,6,0.8203629,1.3479999291495461,0.06242668860415887,0.7959632653211732
robot_0/link6_sensor_3,4,6,0.8071531,1.3479999915252514,-0.022559307321734806,0.8039988035554115
robot_0/link6_sensor_3,5,6,0.59248537,1.1443211718682378,-0.10208316802325783,0.8663330530996517
robot_0/link6_sensor_3,6,6,0.57792264,1.1388687153735837,-0.16093052349967357,0.8733645545971738
robot_0/link6_sensor_3,7,6,0.54874843,1.1177414097484948,-0.21361596625998464,0.8840319382284236
robot_0/link6_sensor_3,0,7,0.63778025,1.1382694712436787,0.21953223832863988,0.7710656332945888
robot_0/link6_sensor_3,1,7,0.7756913,1.2786236572065468,0.2080667178702299,0.7199999866133662
robot_0/link6_sensor_3,2,7,0.6046493,1.1268662816770718,0.07969175534909861,0.7908104625925196
robot_0/link6_sensor_3,3,7,0.7973165,1.3245292240944877,0.0535611311228848,0.719999999020098
robot_0/link6_sensor_3,4,7,0.8081284,1.3479999692335858,-0.027005932289339077,0.720174049288846
robot_0/link6_sensor_3,5,7,0.59114033,1.1422557136709077,-0.10538050565221765,0.8055759127410103
robot_0/link6_sensor_3,6,7,0.421892,0.9784447447669321,-0.14521531097275173,0.8710717303904891
robot_0/link6_sensor_3,7,7,0.4281202,0.9916657957914867,-0.18971357252289975,0.8710717138745542
robot_0/link6_sensor_4,0,0,0.7405879,1.347999930882932,-0.19976875878029718,1.270118496249503
robot_0/link6_sensor_4,1,0,0.7701181,1.3479999835427525,-0.27365854524002226,1.2872697521989043
robot_0/link6_sensor_4,2,0,0.802101,1.3479999320665688,-0.3536855930655888,1.305845553827228
robot_0/link6_sensor_4,3,0,0.82861584,1.3401627060276895,-0.4379999057263099,1.3231052758997337
robot_0/link6_sensor_4,4,0,0.6403231,1.1346782557001358,-0.4379999187786541,1.2625065145702747
robot_0/link6_sensor_4,5,0,0.5217597,1.0052896278320658,-0.4379999467142036,1.2243489331766728
robot_0/link6_sensor_4,6,0,0.44024342,0.9163306642089745,-0.4379999777078852,1.1981143359244955
robot_0/link6_sensor_4,7,0,0.38075653,0.8514124301794351,-0.43799998416417074,1.1789695079224103
robot_0/link6_sensor_4,0,1,0.74334705,1.3479999172908208,-0.2065111143836984,1.1943852845379679
robot_0/link6_sensor_4,1,1,0.7731021,1.3479999294155718,-0.28095708748359116,1.2085714988140013
robot_0/link6_sensor_4,2,1,0.80533856,1.3479999164527503,-0.3616114875059716,1.223940768171963
robot_0/link6_sensor_4,3,1,0.80621237,1.315637276785329,-0.4379999316576718,1.2320371681294586
robot_0/link6_sensor_4,4,1,0.6268619,1.1199285390873996,-0.4379999255048305,1.1929714003630765
robot_0/link6_sensor_4,5,1,0.51278704,0.9954491319437146,-0.4379999610176466,1.1681238529412261
robot_0/link6_sensor_4,6,1,0.4338382,0.9092994828183121,-0.4379999763453663,1.1509273723300857
robot_0/link6_sensor_4,7,1,0.37595585,0.8461378075874395,-0.4379999524335207,1.1383195542886682
robot_0/link6_sensor_4,0,2,0.74612683,1.3479998898355288,-0.2133038962244036,1.1180856527255498
robot_0/link6_sensor_4,1,2,0.77610934,1.347999907347237,-0.2883124140141577,1.1292610108519512
robot_0/link6_sensor_4,2,2,0.8086024,1.3479999441395256,-0.36960163511816113,1.1413721193472282
robot_0/link6_sensor_4,3,2,0.7849884,1.2924030892347051,-0.43799994006799053,1.1457638736681572
robot_0/link6_sensor_4,4,2,0.6139549,1.105786151218858,-0.4379999049614569,1.1262996924480655
robot_0/link6_sensor_4,5,2,0.50411767,0.9859412649018529,-0.4379999127891758,1.1137998531199975
robot_0/link6_sensor_4,6,2,0.4276166,0.9024699087001327,-0.43799993230430684,1.1050937804457435
robot_0/link6_sensor_4,7,2,0.37127477,0.8409945735948658,-0.4379999556668242,1.0986818968050076
robot_0/link6_sensor_4,0,3,0.56055653,1.1477951280274348,-0.20796931322107204,1.0381088994725087
robot_0/link6_sensor_4,1,3,0.77914006,1.3479998826958024,-0.2957251855114035,1.0493311053073264
robot_0/link6_sensor_4,2,3,0.8118927,1.347999875841255,-0.37765678542770775,1.0581314843963654
robot_0/link6_sensor_4,3,3,0.76485324,1.270360825510537,-0.4379999471654609,1.0639164450769782
robot_0/link6_sensor_4,4,3,0.6015689,1.0922145390368527,-0.4379999575060303,1.0623181203800283
robot_0/link6_sensor_4,5,3,0.4957367,0.9767496559538371,-0.4379999386096,1.0612821691528487
robot_0/link6_sensor_4,6,3,0.421571,0.8958334975577844,-0.437999927529316,1.0605561894044058
robot_0/link6_sensor_4,7,3,0.36670882,0.8359778353005403,-0.43799995179642204,1.0600191679078377
robot_0/link6_sensor_4,0,4,0.56664217,1.1520024939722902,-0.21342271719888786,0.9797937715685914
robot_0/link6_sensor_4,1,4,0.78219455,1.3479998776695532,-0.30319608118911,0.9687744962804831
robot_0/link6_sensor_4,2,4,0.8152099,1.3479998604106909,-0.3857777725989042,0.9742106466439998
robot_0/link6_sensor_4,3,4,0.74572515,1.249421032429789,-0.43799994247732404,0.986162828227068
robot_0/link6_sensor_4,4,4,0.5896726,1.0791795994538014,-0.437999962314873,1.000867051296446
robot_0/link6_sensor_4,5,4,0.27906352,0.7899999703038405,-0.3241119540688324,1.018347326442553
robot_0/link6_sensor_4,6,4,0.41569397,0.8893821449939863,-0.43799994219458277,1.0172603792088295
robot_0/link6_sensor_4,7,4,0.3622538,0.8310829777617919,-0.4379999362317975,1.0222958385667715
robot_0/link6_sensor_4,0,5,0.54030097,1.1219560894232004,-0.2163092561481875,0.9263753083123927
robot_0/link6_sensor_4,1,5,0.7852731,1.3479998493039476,-0.310725780355829,0.8875837857024722
robot_0/link6_sensor_4,2,5,0.8185544,1.3479998652096088,-0.39396539928037216,0.8896012232088594
robot_0/link6_sensor_4,3,5,0.72753054,1.22950310939979,-0.43799996347787623,0.9122033664462417
robot_0/link6_sensor_4,4,5,0.5782377,1.0666501670265913,-0.43799994766058925,0.9417992941231575
robot_0/link6_sensor_4,5,5,0.2803752,0.7900000006938277,-0.3273318797581592,0.9893938437581267
robot_0/link6_sensor_4,6,5,0.40997854,0.8831081774299483,-0.4379999441031268,0.9751551268575263
robot_0/link6_sensor_4,7,5,0.35790572,0.8263056358051105,-0.43799993166324386,0.9854780836427753
robot_0/link6_sensor_4,0,6,0.54134434,1.1208970362513502,-0.22122940505908287,0.870369924488628
robot_0/link6_sensor_4,1,6,0.5821614,1.1397972919246142,-0.2799726216833748,0.8641125566155954
robot_0/link6_sensor_4,2,6,0.5916721,1.1250151995491466,-0.3376505899802017,0.8672074647859269
robot_0/link6_sensor_4,3,6,0.2509745,0.7847307959923882,-0.2658248778748532,0.9627513584424592
robot_0/link6_sensor_4,4,6,0.26450837,0.7863784579512063,-0.2958935462340832,0.9617727289977585
robot_0/link6_sensor_4,5,6,0.4721862,0.9509213437989662,-0.43799994206204407,0.9137087213037963
robot_0/link6_sensor_4,6,6,0.40441814,0.8770043922741385,-0.43799994522906244,0.9341919926887783
robot_0/link6_sensor_4,7,6,0.35366082,0.8216416438299616,-0.43799995383060997,0.9495336723659389
robot_0/link6_sensor_4,0,7,0.39860192,0.96930547661775,-0.21173642630577877,0.8710716415346115
robot_0/link6_sensor_4,1,7,0.4086986,0.9630316943756767,-0.2513694870632319,0.8710716178228369
robot_0/link6_sensor_4,2,7,0.41932,0.9564317569425796,-0.29306253668175586,0.8710716173811778
robot_0/link6_sensor_4,3,7,0.24877931,0.7817028917479594,-0.26722338166790155,0.9376829049246092
robot_0/link6_sensor_4,4,7,0.5566488,1.0429947881947004,-0.43799997043628547,0.8302797862686431
robot_0/link6_sensor_4,5,7,0.46482557,0.9428487679103049,-0.4379999628098661,0.8675848237057333
robot_0/link6_sensor_4,6,7,0.14493111,0.6679085191502553,-0.2684464437664851,0.9799999205091914
robot_0/link6_sensor_4,7,7,0.14926015,0.6652185323286245,-0.2854395883892282,0.9799999208896042
robot_0/link6_sensor_5,0,0,1.8063073,-0.4461532920930494,-1.9500002065615627,1.544339288114119
robot_0/link6_sensor_5,1,0,1.948921,-0.6549414341090847,-1.9500001052058087,1.5885722569717124
robot_0/link6_sensor_5,2,0,2.1159847,-0.8995247137660676,-1.950000042320561,1.6403886425131897
robot_0/link6_sensor_5,3,0,2.3143756,-1.189971408690545,-1.9500000173724286,1.7019214681155974
robot_0/link6_sensor_5,4,0,2.553817,-1.5405163806121247,-1.9500000266168849,1.7761864717333715
robot_0/link6_sensor_5,5,0,2.82179,-1.949999974456643,-1.93325257738711,1.85967610266119
robot_0/link6_sensor_5,6,0,2.5883346,-1.9499999423974663,-1.5998452603750688,1.7947391122002763
robot_0/link6_sensor_5,7,0,2.3905566,-1.9500000572308722,-1.3173902189862696,1.7397260115188362
robot_0/link6_sensor_5,0,1,1.8176396,-0.4444479221712651,-1.9500000810700961,1.3598375211026676
robot_0/link6_sensor_5,1,1,1.9621199,-0.6545145495472657,-1.950000043877194,1.3897044200174118
robot_0/link6_sensor_5,2,1,2.1315527,-0.9008605256628672,-1.950000108577881,1.424729465475875
robot_0/link6_sensor_5,3,1,2.3330126,-1.193772324938485,-1.9500000562671644,1.4663751433140153
robot_0/link6_sensor_5,4,1,2.5765288,-1.5478315867883956,-1.9500001490507461,1.5167146776978506
robot_0/link6_sensor_5,5,1,2.8347297,-1.9499999306582851,-1.9238974989330955,1.570674763268872
robot_0/link6_sensor_5,6,1,2.5992177,-1.9499999400242451,-1.589865571817179,1.529475252059728
robot_0/link6_sensor_5,7,1,2.3998368,-1.9499997974765986,-1.3070793950387403,1.494596372345986
robot_0/link6_sensor_5,0,2,1.8291152,-0.4427211081814418,-1.9500001498751938,1.1730061285936253
robot_0/link6_sensor_5,1,2,1.975499,-0.6540819094296015,-1.9500000968363222,1.1881245813093648
robot_0/link6_sensor_5,2,2,2.1473515,-0.9022161469228973,-1.9500001865335093,1.2058734134009481
robot_0/link6_sensor_5,3,2,2.3519518,-1.1976347689443714,-1.9499998857330025,1.2270044367631834
robot_0/link6_sensor_5,4,2,2.5996478,-1.555277799525998,-1.950000020476725,1.252586340460288
robot_0/link6_sensor_5,5,2,2.8477888,-1.9500000718343018,-1.9144563671673054,1.2790107262022934
robot_0/link6_sensor_5,6,2,2.610193,-1.950000259147846,-1.5798018024405232,1.2619713119359857
robot_0/link6_sensor_5,7,2,2.4091897,-1.949999906113837,-1.2966883860557132,1.2475561521305345
robot_0/link6_sensor_5,0,3,1.8407364,-0.44097228649111403,-1.9500000765467633,0.9838006521390774
robot_0/link6_sensor_5,1,3,1.9890617,-0.6536432638002925,-1.9500000371942794,0.9837768489310017
robot_0/link6_sensor_5,2,3,2.163386,-0.9035919251385869,-1.9500001415191113,0.9837488700250212
robot_0/link6_sensor_5,3,3,2.3712013,-1.2015605492235286,-1.9499998406637928,0.9837155254088252
robot_0/link6_sensor_5,4,3,2.6231854,-1.5628588634437934,-1.9499999014241256,0.9836750842054256
robot_0/link6_sensor_5,5,3,2.8609686,-1.9500000200126144,-1.904927699512482,0.9846469574922145
robot_0/link6_sensor_5,6,3,2.621261,-1.9500000723827915,-1.5696523748320406,0.9921986945455561
robot_0/link6_sensor_5,7,3,2.4186158,-1.9500000220033606,-1.2862160691804143,0.998582810218977
robot_0/link6_sensor_5,0,4,1.8525064,-0.4392011696535982,-1.9500001549857977,0.7921755585846381
robot_0/link6_sensor_5,1,4,2.0028121,-0.6531986758041797,-1.950000190243324,0.776603814094377
robot_0/link6_sensor_5,2,4,2.179662,-0.9049884114357949,-1.9500001059309024,0.7582820920905854
robot_0/link6_sensor_5,3,4,2.3907685,-1.2055511992443304,-1.9499998841071107,0.736411363844383
robot_0/link6_sensor_5,4,4,2.6471531,-1.5705784514536731,-1.949999770434018,0.7098498043311864
robot_0/link6_sensor_5,5,4,2.8742712,-1.9500001486950072,-1.895310558032342,0.6875458189231067
robot_0/link6_sensor_5,6,4,2.632423,-1.9499998088311594,-1.5594164632990126,0.7201285389097812
robot_0/link6_sensor_5,7,4,2.428116,-1.9500002322146721,-1.2756615278625825,0.7476535546380071
robot_0/link6_sensor_5,0,5,1.8644277,-0.43740716598895174,-1.9500000321610038,0.5980841702543618
robot_0/link6_sensor_5,1,5,2.0167537,-0.6527477233158168,-1.950000040015277,0.5665465332908326
robot_0/link6_sensor_5,2,5,2.1961844,-0.9064059362308159,-1.9499998832972252,0.5293971241671563
robot_0/link6_sensor_5,3,5,2.4106612,-1.2096081380038366,-1.9499997911183757,0.4849917541387522
robot_0/link6_sensor_5,4,5,2.6715636,-1.5784409336350516,-1.950000120423423,0.4309744027913366
robot_0/link6_sensor_5,5,5,2.8876977,-1.9500000334054315,-1.885603383777815,0.3876689958126336
robot_0/link6_sensor_5,6,5,2.643681,-1.9500000816709173,-1.5490933258225987,0.4457312422763646
robot_0/link6_sensor_5,7,5,2.437691,-1.9500001559337874,-1.265023606934292,0.4947453028939637
robot_0/link6_sensor_5,0,6,1.8765035,-0.4355899528485568,-1.9499999736226634,0.4014785377330472
robot_0/link6_sensor_5,1,6,2.0308907,-0.6522904735354749,-1.9499999311248715,0.35354432954480386
robot_0/link6_sensor_5,2,6,2.2129595,-0.9078453013969168,-1.9499999170211089,0.29701553013106685
robot_0/link6_sensor_5,3,6,2.430888,-1.2137332908669767,-1.949999848928797,0.2293530340488733
robot_0/link6_sensor_5,4,6,2.6964276,-1.5864491074295004,-1.9499998705141697,0.1469081806553877
robot_0/link6_sensor_5,5,6,2.9012506,-1.9500001845386299,-1.8758052912576049,0.08497729502510676
robot_0/link6_sensor_5,6,6,2.6550357,-1.9500002261291072,-1.5386814334150851,0.16897687448982313
robot_0/link6_sensor_5,7,6,2.447342,-1.950000308764182,-1.254301563840643,0.23983446985358303
robot_0/link6_sensor_5,0,7,1.8887368,-0.4337491086396598,-1.9500000529684618,0.20230943350160513
robot_0/link6_sensor_5,1,7,2.0452275,-0.6518268679977492,-1.9499999954793878,0.1375347550017344
robot_0/link6_sensor_5,2,7,2.2299929,-0.909306805865344,-1.9499999253285525,0.061056621319168
robot_0/link6_sensor_5,3,7,2.3803055,-1.1718757745816804,-1.8982003070107871,-5.920944423642993e-08
robot_0/link6_sensor_5,4,7,2.3893032,-1.3547867307062202,-1.7320024166428514,-1.2128366977393057e-08
robot_0/link6_sensor_5,5,7,2.3983693,-1.5390858747377083,-1.5645433697550586,-2.6449097356717743e-08
robot_0/link6_sensor_5,6,7,2.4075046,-1.7247890432149515,-1.3958086901482334,-7.38298304714391e-08
robot_0/link6_sensor_5,7,7,2.4167097,-1.9119122847263057,-1.2257836947691447,-1.2129331805610377e-07
