task,run,arm,train_seed,trained,best_epoch,best_val,date,n_done_evals,evals,todo
pact_pick_n_place_v2_v1011d,pact_pick_n_place_v2_v1011d_ACT_s0_bs8_cs50_lr1e-5_e2000,ACT,0,True,1970,0.077592,2026-09-17,4,_verify_v107_spaced[DONE 24]; _verify_v12[DONE 8]; _verify_v6[DONE 24]; pact_pick_n_place_v2_v1011d_ACT_s0_bs8_cs50_lr1e-5_e2000[DONE 50]; pact_pick_n_place_v2_v1011d_ACT_s0_bs8_cs50_lr1e-5_e2000_tstrain[DONE 50],
pact_pick_n_place_v2_v1011d,pact_pick_n_place_v2_v1011d_ACT_s1_bs8_cs50_lr1e-5_e2000,ACT,1,True,1951,0.077802,2026-09-25,1,pact_pick_n_place_v2_v1011d_ACT_s1_bs8_cs50_lr1e-5_e2000_tstrain[DONE 50],
pact_pick_n_place_v2_v1011d,pact_pick_n_place_v2_v1011d_PACT_RAW_s0_bs8_cs50_lr1e-5_e2000,PACT_RAW,0,True,1979,0.096470,2026-09-17,3,pact_pick_n_place_v2_v1011d_PACT_RAW_s0_bs8_cs50_lr1e-5_e2000[DONE 50]; pact_pick_n_place_v2_v1011d_PACT_RAW_s0_bs8_cs50_lr1e-5_e2000_keep0_tstrain[DONE 50]; pact_pick_n_place_v2_v1011d_PACT_RAW_s0_bs8_cs50_lr1e-5_e2000_tstrain[DONE 50],
pact_pick_n_place_v2_v1011d,pact_pick_n_place_v2_v1011d_PACT_READOUT_s0_bs8_cs50_lr1e-5_e2000,PACT_READOUT,0,True,1653,0.073282,2026-09-17,5,_ab_eager[DONE 2]; _ab_lazy[DONE 2]; _ab_lazy24_a[DONE 24]; _ab_lazy24_b[DONE 24]; _ab_lazy_b[DONE 2]; _ab_lazy_poseonly[DONE 2]; _ab_solo_ep13_eager[DONE 1]; _ab_solo_ep13_lazy[DONE 1]; _ab_solo_ep8_eager[DONE 1]; _ab_solo_ep8_lazy[DONE 1]; _equiv_base[DONE 3]; _equiv_base2[DONE 3]; _equiv_wrap[DONE 3]; _iso_eager[DONE 2]; _iso_lazy_a[DONE 2]; _iso_lazy_b[DONE 2]; _parity_v107_spaced_probe[DONE 4]; _parity_v12_probe[DONE 8]; _parity_v6_probe[DONE 4]; _prof_eager[DONE 1]; pact_pick_n_place_v2_v1011d_PACT_READOUT_s0_bs8_cs50_lr1e-5_e2000[DONE 50]; pact_pick_n_place_v2_v1011d_PACT_READOUT_s0_bs8_cs50_lr1e-5_e2000_keep0_tstrain[DONE 50]; pact_pick_n_place_v2_v1011d_PACT_READOUT_s0_bs8_cs50_lr1e-5_e2000_tstrain[DONE 50],
pact_pick_n_place_v2_v107_spaced,pact_pick_n_place_v2_v107_spaced_ACT_s0_bs8_cs50_lr1e-5_e2000,ACT,0,True,1987,0.051482,2026-09-24,1,pact_pick_n_place_v2_v107_spaced_ACT_s0_bs8_cs50_lr1e-5_e2000[DONE 50],
pact_pick_n_place_v2_v107_spaced,pact_pick_n_place_v2_v107_spaced_PACT_RAW_s0_bs8_cs50_lr1e-5_e2000,PACT_RAW,0,True,1951,0.079642,2026-09-24,1,pact_pick_n_place_v2_v107_spaced_PACT_RAW_s0_bs8_cs50_lr1e-5_e2000[DONE 50],
pact_pick_n_place_v2_v107_spaced,pact_pick_n_place_v2_v107_spaced_PACT_READOUT_s0_bs8_cs50_lr1e-5_e2000,PACT_READOUT,0,True,1579,0.073914,2026-09-24,1,pact_pick_n_place_v2_v107_spaced_PACT_READOUT_s0_bs8_cs50_lr1e-5_e2000[DONE 50],
pact_pick_n_place_v2_v12,pact_pick_n_place_v2_v12_ACT_s0_bs8_cs50_lr1e-5_e2000,ACT,0,True,1575,0.056981,2026-09-22,1,pact_pick_n_place_v2_v12_ACT_s0_bs8_cs50_lr1e-5_e2000[DONE 50],
pact_pick_n_place_v2_v12,pact_pick_n_place_v2_v12_PACT_RAW_s0_bs8_cs50_lr1e-5_e2000,PACT_RAW,0,True,1959,0.073400,2026-09-22,2,pact_pick_n_place_v2_v12_PACT_RAW_s0_bs8_cs50_lr1e-5_e2000[DONE 50]; pact_pick_n_place_v2_v12_PACT_RAW_s0_bs8_cs50_lr1e-5_e2000_keep0[DONE 50],
pact_pick_n_place_v2_v12,pact_pick_n_place_v2_v12_PACT_READOUT_s0_bs8_cs50_lr1e-5_e2000,PACT_READOUT,0,True,1986,0.059437,2026-09-22,1,pact_pick_n_place_v2_v12_PACT_READOUT_s0_bs8_cs50_lr1e-5_e2000[DONE 50],
pact_pick_n_place_v2_v6,pact_pick_n_place_v2_v6_ACT_s0_bs8_cs100_lr1e-5_e2000,ACT,0,True,1499,0.067364,2026-09-22,2,pact_pick_n_place_v2_v6_ACT_s0_bs8_cs100_lr1e-5_e2000[DONE 50]; pact_pick_n_place_v2_v6_ACT_s0_bs8_cs100_lr1e-5_e2000_blind[DONE 50],
pact_pick_n_place_v2_v6,pact_pick_n_place_v2_v6_PACT_RAW_s0_bs8_cs100_lr1e-5_e2000,PACT_RAW,0,True,1857,0.086779,2026-09-22,4,pact_pick_n_place_v2_v6_PACT_RAW_s0_bs8_cs100_lr1e-5_e2000[DONE 50]; pact_pick_n_place_v2_v6_PACT_RAW_s0_bs8_cs100_lr1e-5_e2000_blind[DONE 50]; pact_pick_n_place_v2_v6_PACT_RAW_s0_bs8_cs100_lr1e-5_e2000_keep0[DONE 50]; pact_pick_n_place_v2_v6_PACT_RAW_s0_bs8_cs100_lr1e-5_e2000_keep50[DONE 50],
pact_pick_n_place_v2_v6,pact_pick_n_place_v2_v6_PACT_READOUT_s0_bs8_cs100_lr1e-5_e2000,PACT_READOUT,0,True,1884,0.080743,2026-09-22,5,pact_pick_n_place_v2_v6_PACT_READOUT_s0_bs8_cs100_lr1e-5_e2000[DONE 50]; pact_pick_n_place_v2_v6_PACT_READOUT_s0_bs8_cs100_lr1e-5_e2000_blind[DONE 50]; pact_pick_n_place_v2_v6_PACT_READOUT_s0_bs8_cs100_lr1e-5_e2000_hquery[DONE 50]; pact_pick_n_place_v2_v6_PACT_READOUT_s0_bs8_cs100_lr1e-5_e2000_keep0[DONE 50]; pact_pick_n_place_v2_v6_PACT_READOUT_s0_bs8_cs100_lr1e-5_e2000_keep50[DONE 50],
pact_place_corridor_v1010,pact_place_corridor_v1010_ACT_s0_bs8_cs50_lr1e-5_e2000,ACT,0,True,1973,0.050763,2026-09-11,2,_smoke_place_v1010_cam58[DONE 2]; _verify_v1010[DONE 24]; pact_place_corridor_v1010_ACT_s0_bs8_cs50_lr1e-5_e2000[DONE 50],
pact_place_corridor_v1010,pact_place_corridor_v1010_ACT_s1_bs8_cs50_lr1e-5_e2000,ACT,1,True,1726,0.051726,2026-09-11,1,pact_place_corridor_v1010_ACT_s1_bs8_cs50_lr1e-5_e2000[DONE 50],
pact_place_corridor_v1010,pact_place_corridor_v1010_PACT_RAW_s0_bs8_cs50_lr1e-5_e2000,PACT_RAW,0,True,1857,0.076648,2026-09-11,1,pact_place_corridor_v1010_PACT_RAW_s0_bs8_cs50_lr1e-5_e2000[DONE 50],
pact_place_corridor_v1010,pact_place_corridor_v1010_PACT_RAW_s1_bs8_cs50_lr1e-5_e2000,PACT_RAW,1,True,1734,0.071000,2026-09-11,0,,EVAL
pact_place_corridor_v1010,pact_place_corridor_v1010_PACT_READOUT_s0_bs8_cs50_lr1e-5_e2000,PACT_READOUT,0,True,1825,0.058212,2026-09-11,1,_smoke_place_v1010[DONE 1]; pact_place_corridor_v1010_PACT_READOUT_s0_bs8_cs50_lr1e-5_e2000[DONE 50],
pact_place_corridor_v1010,pact_place_corridor_v1010_PACT_READOUT_s1_bs8_cs50_lr1e-5_e2000,PACT_READOUT,1,True,1772,0.051581,2026-09-11,0,,EVAL
pact_place_corridor_v107_spaced,pact_place_corridor_v107_spaced_ACT_s0_bs8_cs50_lr1e-5_e2000,ACT,0,True,1997,0.047243,2026-09-11,1,pact_place_corridor_v107_spaced_ACT_s0_bs8_cs50_lr1e-5_e2000[DONE 50],
pact_place_corridor_v107_spaced,pact_place_corridor_v107_spaced_PACT_RAW_s0_bs8_cs50_lr1e-5_e2000,PACT_RAW,0,True,1835,0.072027,2026-09-11,1,pact_place_corridor_v107_spaced_PACT_RAW_s0_bs8_cs50_lr1e-5_e2000[DONE 50],
pact_place_corridor_v107_spaced,pact_place_corridor_v107_spaced_PACT_READOUT_s0_bs8_cs50_lr1e-5_e2000,PACT_READOUT,0,True,1799,0.053972,2026-09-11,1,_port_v107_eager[DONE 1]; _port_v107_fast[DONE 1]; pact_place_corridor_v107_spaced_PACT_READOUT_s0_bs8_cs50_lr1e-5_e2000[DONE 50],
pact_place_corridor_v10_11c_100,pact_place_corridor_v10_11c_100_ACT_s0_bs8_cs50_lr1e-5_e2000,ACT,0,True,1679,0.093526,2026-09-11,2,_verify_v1011c[DONE 24]; pact_place_corridor_v10_11c_100_ACT_s0_bs8_cs50_lr1e-5_e2000_tstrain[DONE 50],
pact_place_corridor_v10_11c_100,pact_place_corridor_v10_11c_100_ACT_s1_bs8_cs50_lr1e-5_e2000,ACT,1,True,1779,0.098810,2026-09-25,1,pact_place_corridor_v10_11c_100_ACT_s1_bs8_cs50_lr1e-5_e2000_tstrain[DONE 50],
pact_place_corridor_v10_11c_100,pact_place_corridor_v10_11c_100_PACT_RAW_s0_bs8_cs50_lr1e-5_e2000,PACT_RAW,0,True,1796,0.129480,2026-09-11,2,pact_place_corridor_v10_11c_100_PACT_RAW_s0_bs8_cs50_lr1e-5_e2000_keep0_tstrain[DONE 50]; pact_place_corridor_v10_11c_100_PACT_RAW_s0_bs8_cs50_lr1e-5_e2000_tstrain[DONE 50],
pact_place_corridor_v10_11c_100,pact_place_corridor_v10_11c_100_PACT_READOUT_s0_bs8_cs50_lr1e-5_e2000,PACT_READOUT,0,True,1594,0.121486,2026-09-11,3,_parity_v1011c_probe[DONE 3]; _parity_v1011c_train[DONE 4]; _parity_v1011c_uniform[DONE 4]; pact_place_corridor_v10_11c_100_PACT_READOUT_s0_bs8_cs50_lr1e-5_e2000_keep0_tstrain[DONE 50]; pact_place_corridor_v10_11c_100_PACT_READOUT_s0_bs8_cs50_lr1e-5_e2000_tstrain[DONE 50]; pact_place_corridor_v10_11c_100_PACT_READOUT_s0_bs8_cs50_lr1e-5_e2000_tstrain_hquery[DONE 50],
pact_place_corridor_v5,pact_place_corridor_v5_ACT_s0_bs8_cs50_lr1e-5_e2000,ACT,0,True,,,2026-09-10,0,pact_place_corridor_v5_ACT_s0_bs8_cs50_lr1e-5_e2000[DONE 2],EVAL
pact_place_corridor_v5,pact_place_corridor_v5_ACT_s1_bs8_cs50_lr1e-5_e2000,ACT,1,True,,,2026-09-10,2,pact_place_corridor_v5_ACT_s1_bs8_cs50_lr1e-5_e2000[DONE 50]; pact_place_corridor_v5_ACT_s1_bs8_cs50_lr1e-5_e2000_keep100_blind[DONE 50],
pact_place_corridor_v5,pact_place_corridor_v5_PACT_RAW_s0_bs8_cs50_lr1e-5_e2000,PACT_RAW,0,True,,,2026-09-10,2,pact_place_corridor_v5_PACT_RAW_s0_bs8_cs50_lr1e-5_e2000[DONE 50]; pact_place_corridor_v5_PACT_RAW_s0_bs8_cs50_lr1e-5_e2000_keep100_blind[DONE 50]; pact_place_corridor_v5_PACT_RAW_s0_keep0_smoke[DIRTY 4]; pact_place_corridor_v5_PACT_RAW_s0_keep50_smoke[DIRTY 4],
pact_place_corridor_v5,pact_place_corridor_v5_PACT_RAW_s1_bs8_cs50_lr1e-5_e2000,PACT_RAW,1,True,1987,0.065921,2026-09-10,0,,EVAL
pact_place_corridor_v5,pact_place_corridor_v5_PACT_READOUT_s0_bs8_cs50_lr1e-5_e2000,PACT_READOUT,0,True,1864,0.058787,2026-09-10,4,_port_hall_eager[DONE 1]; _port_hall_fast[DONE 1]; pact_place_corridor_v5_PACT_READOUT_s0_bs8_cs50_lr1e-5_e2000[DONE 50]; pact_place_corridor_v5_PACT_READOUT_s0_bs8_cs50_lr1e-5_e2000_keep0[DONE 50]; pact_place_corridor_v5_PACT_READOUT_s0_bs8_cs50_lr1e-5_e2000_keep100_blind[DONE 50]; pact_place_corridor_v5_PACT_READOUT_s0_bs8_cs50_lr1e-5_e2000_keep50[PARTIAL 6]; pact_place_corridor_v5_PACT_READOUT_s0_bs8_cs50_lr1e-5_e2000_keep75[DONE 50],
pact_place_corridor_v5,pact_place_corridor_v5_PACT_READOUT_s1_bs8_cs50_lr1e-5_e2000,PACT_READOUT,1,True,1913,0.057631,2026-09-10,3,pact_place_corridor_v5_PACT_READOUT_s1_bs8_cs50_lr1e-5_e2000_keep0[DONE 50]; pact_place_corridor_v5_PACT_READOUT_s1_bs8_cs50_lr1e-5_e2000_keep100[DONE 50]; pact_place_corridor_v5_PACT_READOUT_s1_bs8_cs50_lr1e-5_e2000_keep100_blind[DONE 50],
pact_place_corridor_v5_ext,pact_place_corridor_v5_ext_ACT_s0_bs8_cs50_lr1e-5_e2000,ACT,0,True,1919,0.057246,2026-09-24,1,pact_place_corridor_v5_ext_ACT_s0_bs8_cs50_lr1e-5_e2000[DONE 50],
pact_place_corridor_v5_ext,pact_place_corridor_v5_ext_PACT_RAW_s0_bs8_cs50_lr1e-5_e2000,PACT_RAW,0,True,1951,0.055267,2026-09-24,1,pact_place_corridor_v5_ext_PACT_RAW_s0_bs8_cs50_lr1e-5_e2000[DONE 50],
pact_place_corridor_v5_ext,pact_place_corridor_v5_ext_PACT_READOUT_s0_bs8_cs50_lr1e-5_e2000,PACT_READOUT,0,True,1883,0.054057,2026-09-24,1,pact_place_corridor_v5_ext_PACT_READOUT_s0_bs8_cs50_lr1e-5_e2000[DONE 50],
