run,house,traj,T,success,has_bar,behavior_class,protr_name,protr_wall,residual_margin,bar_face_y,obj_gap,min_near_overall,min_near_approach,min_near_pregrasp,max_nclose_approach,frac_approach_active,bow_approach_m,approach_contacts,held_contacts,object_name,target_uid
20260612_162142,house_121,traj_0,88,False,True,free,protr_s,right,-0.17255063076994015,0.16216120332298511,0.1864615765735554,0.020012302324175835,0.020012302324175835,0.023004306480288506,2,0.4411764705882353,0.0051356646649557075,1.0,154.0,cavity_obj_0/4afa0cdde045417ab31f98ae7745b039,4afa0cdde045417ab31f98ae7745b039
20260612_162142,house_121,traj_1,58,True,True,free,protr_m,right,-0.16261091464141375,0.15922873472041033,0.1699570492962293,0.04934817925095558,0.10605816543102264,0.10605816543102264,0,0.0,0.004227419963026911,0.0,210.0,cavity_obj_0/4afa0cdde045417ab31f98ae7745b039,4afa0cdde045417ab31f98ae7745b039
20260612_162142,house_121,traj_10,68,True,False,free,,,nan,,,0.08168148994445801,0.08168148994445801,0.08168148994445801,1,0.025,0.004261226168955611,0.0,187.0,cavity_obj_0/4afa0cdde045417ab31f98ae7745b039,4afa0cdde045417ab31f98ae7745b039
20260612_162142,house_121,traj_11,110,True,True,deflect,protr_s,right,-0.1669184871098746,0.1693590134549219,0.15017998166479468,0.08748749643564224,0.12115754932165146,0.12477238476276398,0,0.0,0.07425030663930206,0.0,222.0,cavity_obj_0/4afa0cdde045417ab31f98ae7745b039,4afa0cdde045417ab31f98ae7745b039
20260612_162142,house_121,traj_12,167,True,True,free,protr_l,right,-0.11898425944306312,0.20578021680927194,0.130182901342405,0.021689770743250847,0.08748749643564224,0.08748749643564224,1,0.08823529411764706,0.007091362024688461,1.0,337.0,cavity_obj_0/4afa0cdde045417ab31f98ae7745b039,4afa0cdde045417ab31f98ae7745b039
20260612_162142,house_121,traj_2,58,True,False,free,,,nan,,,0.05244419351220131,0.06784053146839142,0.06784053146839142,1,0.2,0.0043170116593798874,0.0,192.0,cavity_obj_0/4afa0cdde045417ab31f98ae7745b039,4afa0cdde045417ab31f98ae7745b039
20260612_162142,house_121,traj_3,62,True,False,free,,,nan,,,0.0223594568669796,0.0223594568669796,0.0223594568669796,1,0.2647058823529412,0.019309660166294984,14.0,197.0,cavity_obj_0/4afa0cdde045417ab31f98ae7745b039,4afa0cdde045417ab31f98ae7745b039
20260612_162142,house_121,traj_4,110,True,True,deflect,protr_l,left,-0.08621368417530162,0.23395734604788693,0.1819129244017414,0.0327213890850544,0.04995783418416977,0.05110839009284973,3,0.4024390243902439,0.027393164273220146,7.0,207.0,cavity_obj_0/4afa0cdde045417ab31f98ae7745b039,4afa0cdde045417ab31f98ae7745b039
20260612_162142,house_121,traj_5,125,True,True,free,protr_m,right,-0.1631683664901698,0.1730755585367922,0.19790715344452423,0.0327213890850544,0.055230189114809036,0.06645043939352036,1,0.46875,0.007708884229065028,0.0,143.0,cavity_obj_0/4afa0cdde045417ab31f98ae7745b039,4afa0cdde045417ab31f98ae7745b039
20260612_162142,house_121,traj_6,100,True,True,deflect,protr_s,left,-0.16919016800301617,0.15909705154636825,0.1962738691885908,0.0345182791352272,0.07469943165779114,0.07499345391988754,1,0.4305555555555556,0.035878580184184265,7.0,227.0,cavity_obj_0/4afa0cdde045417ab31f98ae7745b039,4afa0cdde045417ab31f98ae7745b039
20260612_162142,house_121,traj_7,103,True,True,deflect,protr_s,left,-0.10123071046447946,0.19110479649568315,0.14121324614828745,0.0345182791352272,0.0345182791352272,0.0345182791352272,2,0.5294117647058824,0.003175853019151853,1.0,83.0,cavity_obj_0/4afa0cdde045417ab31f98ae7745b039,4afa0cdde045417ab31f98ae7745b039
20260612_162142,house_121,traj_8,85,False,True,free,protr_l,left,0.023981363867243213,0.2305574282741757,0.19246700908754816,0.09157294034957886,0.09157294034957886,0.10476516932249069,1,0.03125,0.0037030529960010864,1.0,155.0,cavity_obj_0/4afa0cdde045417ab31f98ae7745b039,4afa0cdde045417ab31f98ae7745b039
20260612_162142,house_121,traj_9,85,True,True,free,protr_m,right,-0.07818782406731821,0.22342468646670638,0.1934616065600221,0.053703807294368744,0.053703807294368744,0.07375245541334152,2,0.41935483870967744,0.003603564603352981,1.0,110.0,cavity_obj_0/4afa0cdde045417ab31f98ae7745b039,4afa0cdde045417ab31f98ae7745b039
20260612_162142,house_169,traj_0,88,False,True,free,protr_s,right,-0.17255063076994015,0.16216120332298511,0.1864615765735554,0.020012302324175835,0.020012302324175835,0.023004306480288506,2,0.4411764705882353,0.0051356646649557075,1.0,154.0,cavity_obj_0/4afa0cdde045417ab31f98ae7745b039,4afa0cdde045417ab31f98ae7745b039
20260612_162142,house_169,traj_1,58,True,True,free,protr_m,right,-0.16261091464141375,0.15922873472041033,0.1699570492962293,0.04934817925095558,0.10605816543102264,0.10605816543102264,0,0.0,0.004227419963026911,0.0,210.0,cavity_obj_0/4afa0cdde045417ab31f98ae7745b039,4afa0cdde045417ab31f98ae7745b039
20260612_162142,house_169,traj_10,68,True,False,free,,,nan,,,0.08168148994445801,0.08168148994445801,0.08168148994445801,1,0.025,0.004261226168955611,0.0,187.0,cavity_obj_0/4afa0cdde045417ab31f98ae7745b039,4afa0cdde045417ab31f98ae7745b039
20260612_162142,house_169,traj_11,110,True,True,deflect,protr_s,right,-0.1669184871098746,0.1693590134549219,0.15017998166479468,0.08748749643564224,0.12115754932165146,0.12477238476276398,0,0.0,0.07425030663930206,0.0,222.0,cavity_obj_0/4afa0cdde045417ab31f98ae7745b039,4afa0cdde045417ab31f98ae7745b039
20260612_162142,house_169,traj_12,167,True,True,free,protr_l,right,-0.11898425944306312,0.20578021680927194,0.130182901342405,0.021689770743250847,0.08748749643564224,0.08748749643564224,1,0.08823529411764706,0.007091362024688461,1.0,337.0,cavity_obj_0/4afa0cdde045417ab31f98ae7745b039,4afa0cdde045417ab31f98ae7745b039
20260612_162142,house_169,traj_2,58,True,False,free,,,nan,,,0.05244419351220131,0.06784053146839142,0.06784053146839142,1,0.2,0.0043170116593798874,0.0,192.0,cavity_obj_0/4afa0cdde045417ab31f98ae7745b039,4afa0cdde045417ab31f98ae7745b039
20260612_162142,house_169,traj_3,62,True,False,free,,,nan,,,0.0223594568669796,0.0223594568669796,0.0223594568669796,1,0.2647058823529412,0.019309660166294984,14.0,197.0,cavity_obj_0/4afa0cdde045417ab31f98ae7745b039,4afa0cdde045417ab31f98ae7745b039
20260612_162142,house_169,traj_4,110,True,True,deflect,protr_l,left,-0.08621368417530162,0.23395734604788693,0.1819129244017414,0.0327213890850544,0.04995783418416977,0.05110839009284973,3,0.4024390243902439,0.027393164273220146,7.0,207.0,cavity_obj_0/4afa0cdde045417ab31f98ae7745b039,4afa0cdde045417ab31f98ae7745b039
20260612_162142,house_169,traj_5,125,True,True,free,protr_m,right,-0.1631683664901698,0.1730755585367922,0.19790715344452423,0.0327213890850544,0.0327213890850544,0.0327213890850544,2,0.48484848484848486,0.0077088851341551405,0.0,143.0,cavity_obj_0/4afa0cdde045417ab31f98ae7745b039,4afa0cdde045417ab31f98ae7745b039
20260612_162142,house_169,traj_6,100,True,True,deflect,protr_s,left,-0.16919016800301617,0.15909705154636825,0.1962738691885908,0.0345182791352272,0.07469943165779114,0.07499345391988754,1,0.4305555555555556,0.035878580184184265,7.0,227.0,cavity_obj_0/4afa0cdde045417ab31f98ae7745b039,4afa0cdde045417ab31f98ae7745b039
20260612_162142,house_169,traj_7,103,True,True,deflect,protr_s,left,-0.10123071046447946,0.19110479649568315,0.14121324614828745,0.0345182791352272,0.0345182791352272,0.0345182791352272,2,0.5294117647058824,0.003175853019151853,1.0,83.0,cavity_obj_0/4afa0cdde045417ab31f98ae7745b039,4afa0cdde045417ab31f98ae7745b039
20260612_162142,house_169,traj_8,85,False,True,free,protr_l,left,0.023981363867243213,0.2305574282741757,0.19246700908754816,0.09157294034957886,0.09157294034957886,0.10476516932249069,1,0.03125,0.0037030529960010864,1.0,155.0,cavity_obj_0/4afa0cdde045417ab31f98ae7745b039,4afa0cdde045417ab31f98ae7745b039
20260612_162142,house_169,traj_9,85,True,True,free,protr_m,right,-0.07818782406731821,0.22342468646670638,0.1934616065600221,0.053703807294368744,0.053703807294368744,0.07375245541334152,2,0.41935483870967744,0.003603564603352981,1.0,110.0,cavity_obj_0/4afa0cdde045417ab31f98ae7745b039,4afa0cdde045417ab31f98ae7745b039
20260612_183855,house_121,traj_0,60,True,False,free,,,nan,,,0.10869971662759781,0.17628464102745056,0.17628464102745056,0,0.0,0.0027796194402198377,0.0,170.0,cavity_obj_0/4afa0cdde045417ab31f98ae7745b039,4afa0cdde045417ab31f98ae7745b039
20260612_183855,house_121,traj_1,61,True,True,free,protr_s,left,-0.04421103362977151,0.21637880216309757,0.19116492916584865,0.07401641458272934,0.08487717062234879,0.14589959383010864,1,0.12121212121212122,0.006268561135836035,0.0,227.0,cavity_obj_0/4afa0cdde045417ab31f98ae7745b039,4afa0cdde045417ab31f98ae7745b039
20260612_183855,house_121,traj_10,77,False,True,free,protr_s,left,-0.08407406629597612,0.1518558365895556,0.17546698949775746,0.020635657012462616,0.020635657012462616,0.020635657012462616,2,0.4857142857142857,0.0037318926629841386,0.0,0.0,cavity_obj_0/4afa0cdde045417ab31f98ae7745b039,4afa0cdde045417ab31f98ae7745b039
20260612_183855,house_121,traj_11,62,True,True,free,protr_m,right,0.012394256434842155,0.2384067281039532,0.15838356959046188,0.0536714643239975,0.09390214085578918,0.09505676478147507,1,0.14705882352941177,0.0034153011710229063,0.0,225.0,cavity_obj_0/4afa0cdde045417ab31f98ae7745b039,4afa0cdde045417ab31f98ae7745b039
20260612_183855,house_121,traj_12,90,False,True,free,protr_s,left,-0.17151868206342236,0.18812859316944786,0.18097016299976676,0.0536714643239975,0.0536714643239975,0.0536714643239975,1,0.027777777777777776,0.00797041775040214,0.0,143.0,cavity_obj_0/4afa0cdde045417ab31f98ae7745b039,4afa0cdde045417ab31f98ae7745b039
20260612_183855,house_121,traj_13,102,True,True,deflect,protr_m,right,0.00899415256096861,0.19244091648808376,0.16973766427214118,0.045064277946949005,0.045064277946949005,0.045064277946949005,1,0.6216216216216216,0.04945976981645294,9.0,226.0,cavity_obj_0/4afa0cdde045417ab31f98ae7745b039,4afa0cdde045417ab31f98ae7745b039
20260612_183855,house_121,traj_14,115,True,True,deflect,protr_l,right,-0.04677175609546652,0.22852709900501367,0.13638071463553905,0.040204718708992004,0.051941677927970886,0.051941677927970886,1,0.4883720930232558,0.06833327687322173,15.0,176.0,cavity_obj_0/4afa0cdde045417ab31f98ae7745b039,4afa0cdde045417ab31f98ae7745b039
20260612_183855,house_121,traj_15,54,False,True,deflect,protr_m,left,-0.05693877295935984,0.22105175473255542,0.13547209062590276,0.040204718708992004,0.040204718708992004,0.040204718708992004,1,0.02702702702702703,0.006635625493088633,0.0,0.0,cavity_obj_0/4afa0cdde045417ab31f98ae7745b039,4afa0cdde045417ab31f98ae7745b039
20260612_183855,house_121,traj_16,61,True,True,free,protr_l,left,-0.07099610005147894,0.20814287824032493,0.15273608017194004,0.020199432969093323,0.0617104172706604,0.06352125108242035,1,0.42424242424242425,0.0026665337162943546,0.0,228.0,cavity_obj_0/4afa0cdde045417ab31f98ae7745b039,4afa0cdde045417ab31f98ae7745b039
20260612_183855,house_121,traj_17,64,True,False,free,,,nan,,,0.02095496468245983,0.02095496468245983,0.02095496468245983,2,0.25,0.003917978006825171,0.0,125.0,cavity_obj_0/4afa0cdde045417ab31f98ae7745b039,4afa0cdde045417ab31f98ae7745b039
20260612_183855,house_121,traj_18,84,True,True,free,protr_s,left,0.027055818869115622,0.20508979442585656,0.1717224498540292,0.020164847373962402,0.020164847373962402,0.022017773240804672,2,0.45454545454545453,0.006907825245453309,1.0,173.0,cavity_obj_0/4afa0cdde045417ab31f98ae7745b039,4afa0cdde045417ab31f98ae7745b039
20260612_183855,house_121,traj_19,55,True,False,free,,,nan,,,0.028015870600938797,0.028015870600938797,0.03337185084819794,2,0.5555555555555556,0.006132682119102572,0.0,161.0,cavity_obj_0/4afa0cdde045417ab31f98ae7745b039,4afa0cdde045417ab31f98ae7745b039
20260612_183855,house_121,traj_2,86,True,True,free,protr_s,right,-0.027238233882666676,0.22257067029012623,0.15532489171173908,0.02092304453253746,0.02092304453253746,0.030834291130304337,2,0.4117647058823529,0.0033097873908188653,0.0,148.0,cavity_obj_0/4afa0cdde045417ab31f98ae7745b039,4afa0cdde045417ab31f98ae7745b039
20260612_183855,house_121,traj_20,60,True,True,free,protr_s,right,-0.0563767383578177,0.22470763647418873,0.17766792389510672,0.061571814119815826,0.10994576662778854,0.11057805269956589,0,0.0,0.0036643886059845496,0.0,170.0,cavity_obj_0/4afa0cdde045417ab31f98ae7745b039,4afa0cdde045417ab31f98ae7745b039
20260612_183855,house_121,traj_21,58,True,True,free,protr_m,left,-0.11303329744821212,0.15802836788801916,0.15859040631371318,0.061571814119815826,0.061571814119815826,0.061571814119815826,1,0.03333333333333333,0.005426959991250057,0.0,175.0,cavity_obj_0/4afa0cdde045417ab31f98ae7745b039,4afa0cdde045417ab31f98ae7745b039
20260612_183855,house_121,traj_22,102,True,True,deflect,protr_l,right,-0.12012355722082481,0.19578267289018747,0.1980340893917139,0.044018059968948364,0.07055357098579407,0.07055357098579407,1,0.40540540540540543,0.03815505825682601,0.0,260.0,cavity_obj_0/4afa0cdde045417ab31f98ae7745b039,4afa0cdde045417ab31f98ae7745b039
20260612_183855,house_121,traj_23,139,True,True,deflect,protr_m,right,-0.1336228151124076,0.17844574309033642,0.12812905945912226,0.044018059968948364,0.044018059968948364,0.044018059968948364,1,0.011494252873563218,0.0922791282379326,12.0,161.0,cavity_obj_0/4afa0cdde045417ab31f98ae7745b039,4afa0cdde045417ab31f98ae7745b039
20260612_183855,house_121,traj_24,59,True,False,free,,,nan,,,0.04510742425918579,0.140569269657135,0.140569269657135,0,0.0,0.009992506219677207,0.0,163.0,cavity_obj_0/4afa0cdde045417ab31f98ae7745b039,4afa0cdde045417ab31f98ae7745b039
20260612_183855,house_121,traj_3,59,True,True,free,protr_m,left,-0.0003868320495488964,0.19738832551846064,0.15829453859991313,0.036172762513160706,0.13178232312202454,0.13955779373645782,0,0.0,0.005288993833854746,0.0,191.0,cavity_obj_0/4afa0cdde045417ab31f98ae7745b039,4afa0cdde045417ab31f98ae7745b039
20260612_183855,house_121,traj_4,88,False,False,free,,,nan,,,0.056162748485803604,0.07506590336561203,0.08212106674909592,1,0.2857142857142857,0.009825776664163845,0.0,156.0,cavity_obj_0/4afa0cdde045417ab31f98ae7745b039,4afa0cdde045417ab31f98ae7745b039
20260612_183855,house_121,traj_5,57,True,True,free,protr_l,left,-0.0981134925162823,0.16771736567695342,0.17519493977388095,0.08253312110900879,0.08253312110900879,0.08253312110900879,2,0.034482758620689655,0.005018722030545178,0.0,218.0,cavity_obj_0/4afa0cdde045417ab31f98ae7745b039,4afa0cdde045417ab31f98ae7745b039
20260612_183855,house_121,traj_6,87,True,True,free,protr_m,right,-0.05607265131038727,0.21809617467251458,0.12532368870580046,0.08759242296218872,0.08759242296218872,0.08759242296218872,1,0.030303030303030304,0.012495869481998977,8.0,189.0,cavity_obj_0/4afa0cdde045417ab31f98ae7745b039,4afa0cdde045417ab31f98ae7745b039
20260612_183855,house_121,traj_7,62,True,True,free,protr_l,left,-0.17333640764127217,0.14109943917223816,0.14599888052407467,0.020337803289294243,0.04620971903204918,0.10071450471878052,2,0.2647058823529412,0.008123362063895282,0.0,244.0,cavity_obj_0/4afa0cdde045417ab31f98ae7745b039,4afa0cdde045417ab31f98ae7745b039
20260612_183855,house_121,traj_8,59,True,True,free,protr_l,left,-0.13079372210125778,0.19506501835472714,0.12319205421397533,0.05830950289964676,0.08424645662307739,0.08424645662307739,1,0.03225806451612903,0.004872518128165403,0.0,252.0,cavity_obj_0/4afa0cdde045417ab31f98ae7745b039,4afa0cdde045417ab31f98ae7745b039
20260612_183855,house_121,traj_9,105,True,True,deflect,protr_l,right,-0.09747538764603612,0.16009683153945303,0.14266421677171343,0.020040351897478104,0.020154526457190514,0.020154526457190514,2,0.7272727272727273,0.06686708582953453,8.0,256.0,cavity_obj_0/4afa0cdde045417ab31f98ae7745b039,4afa0cdde045417ab31f98ae7745b039
20260612_183855,house_145,traj_0,62,True,True,free,protr_m,left,-0.020446603595311016,0.22090970179105668,0.15393940798265016,0.03957432135939598,0.08704502880573273,0.08947156369686127,1,0.2647058823529412,0.005448228734327098,0.0,234.0,cavity_obj_0/4afa0cdde045417ab31f98ae7745b039,4afa0cdde045417ab31f98ae7745b039
20260612_183855,house_145,traj_1,86,False,True,free,protr_m,left,-0.018071254904311627,0.23025567751593903,0.17993104638315816,0.03957432135939598,0.03957432135939598,0.03957432135939598,1,0.058823529411764705,0.011109906518577057,0.0,127.0,cavity_obj_0/4afa0cdde045417ab31f98ae7745b039,4afa0cdde045417ab31f98ae7745b039
20260612_183855,house_145,traj_10,86,True,True,free,protr_m,right,-0.13888558069284176,0.2207643785743958,0.16986664250532404,0.020480770617723465,0.020480770617723465,0.020480770617723465,1,0.029411764705882353,0.003317753692808129,0.0,111.0,cavity_obj_0/4afa0cdde045417ab31f98ae7745b039,4afa0cdde045417ab31f98ae7745b039
20260612_183855,house_145,traj_11,114,True,True,deflect,protr_s,right,-0.036052171155502175,0.2329484690102409,0.15532642024038976,0.08943730592727661,0.08943730592727661,0.08943730592727661,1,0.011627906976744186,0.060778667582939684,13.0,237.0,cavity_obj_0/4afa0cdde045417ab31f98ae7745b039,4afa0cdde045417ab31f98ae7745b039
20260612_183855,house_145,traj_12,60,True,True,free,protr_m,left,-0.13025965190275007,0.19549629674392294,0.18033534958105257,0.020198924466967583,0.025486046448349953,0.025486046448349953,3,0.46875,0.02073044706388167,3.0,253.0,cavity_obj_0/4afa0cdde045417ab31f98ae7745b039,4afa0cdde045417ab31f98ae7745b039
20260612_183855,house_145,traj_13,107,True,True,deflect,protr_l,right,-0.09165579370649164,0.14510097551412704,0.14859941969921855,0.02266846038401127,0.02266846038401127,0.02266846038401127,2,0.6835443037974683,0.06474590830754635,8.0,227.0,cavity_obj_0/4afa0cdde045417ab31f98ae7745b039,4afa0cdde045417ab31f98ae7745b039
20260612_183855,house_145,traj_14,111,True,True,deflect,protr_l,right,-0.1448700551882849,0.1492810499836624,0.14132450456245893,0.03510008752346039,0.14423315227031708,0.14423315227031708,0,0.0,0.06986447044395301,5.0,230.0,cavity_obj_0/4afa0cdde045417ab31f98ae7745b039,4afa0cdde045417ab31f98ae7745b039
20260612_183855,house_145,traj_15,59,True,True,free,protr_s,left,-0.08966056551044452,0.19809898482519483,0.17652819478884724,0.020109962671995163,0.052603527903556824,0.05404622480273247,2,0.41935483870967744,0.0054814657508919515,0.0,193.0,cavity_obj_0/4afa0cdde045417ab31f98ae7745b039,4afa0cdde045417ab31f98ae7745b039
20260612_183855,house_145,traj_16,133,False,True,deflect,protr_m,right,-0.08315274644851038,0.15771512156107675,0.13702725803112487,0.03249504417181015,0.06417512893676758,0.06417512893676758,2,0.4125,0.06261443641333997,7.0,125.0,cavity_obj_0/4afa0cdde045417ab31f98ae7745b039,4afa0cdde045417ab31f98ae7745b039
20260612_183855,house_145,traj_17,60,True,True,free,protr_s,left,0.004387853772025371,0.237612935514242,0.1708594641986405,0.03586390241980553,0.07519573718309402,0.10320264101028442,2,0.28125,0.00595503704353843,0.0,282.0,cavity_obj_0/4afa0cdde045417ab31f98ae7745b039,4afa0cdde045417ab31f98ae7745b039
20260612_183855,house_145,traj_18,59,True,False,free,,,nan,,,0.03586390241980553,0.03586390241980553,0.03586390241980553,2,0.03225806451612903,0.005857645842753802,0.0,130.0,cavity_obj_0/4afa0cdde045417ab31f98ae7745b039,4afa0cdde045417ab31f98ae7745b039
20260612_183855,house_145,traj_19,87,False,False,free,,,nan,,,0.04244624078273773,0.0686875581741333,0.06920275092124939,1,0.36363636363636365,0.00242089856153498,1.0,115.0,cavity_obj_0/4afa0cdde045417ab31f98ae7745b039,4afa0cdde045417ab31f98ae7745b039
20260612_183855,house_145,traj_2,67,True,False,free,,,nan,,,0.1063411608338356,0.13701727986335754,0.18646451830863953,0,0.0,0.008134824657104146,0.0,241.0,cavity_obj_0/4afa0cdde045417ab31f98ae7745b039,4afa0cdde045417ab31f98ae7745b039
20260612_183855,house_145,traj_20,136,True,True,deflect,protr_s,right,0.006401178987246903,0.22371266117895855,0.13951192372260654,0.04244624078273773,0.04244624078273773,0.04244624078273773,1,0.16666666666666666,0.06295306150547213,6.0,130.0,cavity_obj_0/4afa0cdde045417ab31f98ae7745b039,4afa0cdde045417ab31f98ae7745b039
20260612_183855,house_145,traj_21,58,True,False,free,,,nan,,,0.08650891482830048,0.1214030459523201,0.13092683255672455,0,0.0,0.0020604123182464177,0.0,140.0,cavity_obj_0/4afa0cdde045417ab31f98ae7745b039,4afa0cdde045417ab31f98ae7745b039
20260612_183855,house_145,traj_22,56,True,True,free,protr_l,right,-0.16883803570786943,0.16224565367614735,0.15834330315085002,0.08650891482830048,0.16810376942157745,0.17678940296173096,0,0.0,0.003030447032534969,0.0,226.0,cavity_obj_0/4afa0cdde045417ab31f98ae7745b039,4afa0cdde045417ab31f98ae7745b039
20260612_183855,house_145,traj_23,87,True,True,free,protr_s,left,-0.021344958702463432,0.1596826890841518,0.19809776260257622,0.1001010611653328,0.1001010611653328,0.11778433620929718,0,0.0,0.009458414653392802,0.0,230.0,cavity_obj_0/4afa0cdde045417ab31f98ae7745b039,4afa0cdde045417ab31f98ae7745b039
20260612_183855,house_145,traj_24,83,True,False,free,,,nan,,,0.08117136359214783,0.08117136359214783,0.13331669569015503,1,0.03333333333333333,0.00865267654531278,2.0,132.0,cavity_obj_0/4afa0cdde045417ab31f98ae7745b039,4afa0cdde045417ab31f98ae7745b039
20260612_183855,house_145,traj_3,84,True,True,free,protr_s,left,-0.13023886443071642,0.1891513573438851,0.19649302631228585,0.10480694472789764,0.16773678362369537,0.18646490573883057,0,0.0,0.003991199995032906,0.0,81.0,cavity_obj_0/4afa0cdde045417ab31f98ae7745b039,4afa0cdde045417ab31f98ae7745b039
20260612_183855,house_145,traj_4,60,False,False,free,,,nan,,,0.039861731231212616,0.039883896708488464,0.1148228645324707,1,0.11904761904761904,0.010945623602412424,5.0,0.0,cavity_obj_0/4afa0cdde045417ab31f98ae7745b039,4afa0cdde045417ab31f98ae7745b039
20260612_183855,house_145,traj_5,61,True,False,free,,,nan,,,0.059022460132837296,0.06368882954120636,0.12573549151420593,1,0.09090909090909091,0.004590742823019516,0.0,155.0,cavity_obj_0/4afa0cdde045417ab31f98ae7745b039,4afa0cdde045417ab31f98ae7745b039
20260612_183855,house_145,traj_6,95,True,True,deflect,protr_s,left,-0.028746448844905348,0.22544236877000318,0.18615041241110233,0.08296707272529602,0.08336074650287628,0.10673734545707703,1,0.08955223880597014,0.035823525857106915,1.0,296.0,cavity_obj_0/4afa0cdde045417ab31f98ae7745b039,4afa0cdde045417ab31f98ae7745b039
20260612_183855,house_145,traj_7,123,False,True,deflect,protr_s,left,0.04698192425653126,0.22990689233170736,0.14180944752060326,0.03780873864889145,0.03780873864889145,0.03910776972770691,2,0.5652173913043478,0.01171494920518236,9.0,137.0,cavity_obj_0/4afa0cdde045417ab31f98ae7745b039,4afa0cdde045417ab31f98ae7745b039
20260612_183855,house_145,traj_8,83,False,False,free,,,nan,,,0.04230592027306557,0.04807873070240021,0.04807873070240021,2,0.36666666666666664,0.0028409852001863353,0.0,107.0,cavity_obj_0/4afa0cdde045417ab31f98ae7745b039,4afa0cdde045417ab31f98ae7745b039
20260612_183855,house_145,traj_9,61,True,False,free,,,nan,,,0.020480770617723465,0.04275640472769737,0.04275640472769737,2,0.48484848484848486,0.003919433226151242,0.0,141.0,cavity_obj_0/4afa0cdde045417ab31f98ae7745b039,4afa0cdde045417ab31f98ae7745b039
20260612_183855,house_169,traj_0,54,True,False,free,,,nan,,,0.14078637957572937,0.1864628940820694,0.1864628940820694,0,0.0,0.00568928647170518,0.0,247.0,cavity_obj_0/4afa0cdde045417ab31f98ae7745b039,4afa0cdde045417ab31f98ae7745b039
20260612_183855,house_169,traj_1,90,True,True,free,protr_l,right,-0.08204025685469152,0.21994672694603074,0.1307806342047173,0.020388605073094368,0.020388605073094368,0.025032835081219673,2,0.43243243243243246,0.006249110337294246,1.0,184.0,cavity_obj_0/4afa0cdde045417ab31f98ae7745b039,4afa0cdde045417ab31f98ae7745b039
20260612_183855,house_169,traj_10,93,True,True,deflect,protr_m,left,-0.14986291049589098,0.179355362475497,0.183316469805425,0.071406289935112,0.07972858101129532,0.11178110539913177,1,0.046153846153846156,0.017976861266094473,0.0,238.0,cavity_obj_0/4afa0cdde045417ab31f98ae7745b039,4afa0cdde045417ab31f98ae7745b039
20260612_183855,house_169,traj_11,103,True,True,deflect,protr_l,left,-0.13516394330502673,0.17733852495473434,0.1272076417720783,0.020077962428331375,0.0240381620824337,0.024481909349560738,1,0.4189189189189189,0.044998400618293,0.0,298.0,cavity_obj_0/4afa0cdde045417ab31f98ae7745b039,4afa0cdde045417ab31f98ae7745b039
20260612_183855,house_169,traj_12,89,True,True,deflect,protr_m,left,-0.039319363034754515,0.20770919387270573,0.1392364480508115,0.08756360411643982,0.08756360411643982,0.08756360411643982,1,0.01639344262295082,0.03362833790272936,0.0,331.0,cavity_obj_0/4afa0cdde045417ab31f98ae7745b039,4afa0cdde045417ab31f98ae7745b039
20260612_183855,house_169,traj_13,110,True,True,deflect,protr_m,left,-0.12935751785836214,0.16132373354723792,0.1698859486205039,0.05621018260717392,0.09220930188894272,0.09621645510196686,1,0.10975609756097561,0.04030758765142509,9.0,251.0,cavity_obj_0/4afa0cdde045417ab31f98ae7745b039,4afa0cdde045417ab31f98ae7745b039
20260612_183855,house_169,traj_14,81,True,False,free,,,nan,,,0.09355903416872025,0.09355903416872025,0.09974734485149384,1,0.14285714285714285,0.0067233298089789595,2.0,191.0,cavity_obj_0/4afa0cdde045417ab31f98ae7745b039,4afa0cdde045417ab31f98ae7745b039
20260612_183855,house_169,traj_15,89,True,True,free,protr_l,right,-0.08863221077667534,0.18903593271103858,0.14387923027236973,0.1336430311203003,0.1336430311203003,0.1401197612285614,0,0.0,0.006590238002349492,0.0,176.0,cavity_obj_0/4afa0cdde045417ab31f98ae7745b039,4afa0cdde045417ab31f98ae7745b039
20260612_183855,house_169,traj_16,112,True,True,deflect,protr_m,right,-0.02453490026534838,0.23251925640880194,0.12361652402698516,0.020081955939531326,0.020081955939531326,0.020081955939531326,2,0.6071428571428571,0.07377094636933511,30.0,204.0,cavity_obj_0/4afa0cdde045417ab31f98ae7745b039,4afa0cdde045417ab31f98ae7745b039
20260612_183855,house_169,traj_17,62,True,False,free,,,nan,,,0.020004376769065857,0.0495314821600914,0.052870504558086395,2,0.38235294117647056,0.003636272072410625,0.0,266.0,cavity_obj_0/4afa0cdde045417ab31f98ae7745b039,4afa0cdde045417ab31f98ae7745b039
20260612_183855,house_169,traj_18,61,True,True,free,protr_m,left,-0.1387060141860685,0.1487390202189385,0.1414259430226247,0.06343957036733627,0.06651684641838074,0.06651684641838074,1,0.28125,0.0016714121231789073,0.0,185.0,cavity_obj_0/4afa0cdde045417ab31f98ae7745b039,4afa0cdde045417ab31f98ae7745b039
20260612_183855,house_169,traj_19,94,False,True,deflect,protr_m,right,-0.044991447887444025,0.15677374500133398,0.18719650407612642,0.06722703576087952,0.06722703576087952,0.06722703576087952,1,0.030303030303030304,0.0051750781107128534,0.0,178.0,cavity_obj_0/4afa0cdde045417ab31f98ae7745b039,4afa0cdde045417ab31f98ae7745b039
20260612_183855,house_169,traj_2,84,False,True,free,protr_m,left,-0.005002456570686015,0.21503707951615594,0.16404864960145002,0.020012617111206055,0.020012617111206055,0.021637100726366043,2,0.40625,0.004350791947825021,0.0,87.0,cavity_obj_0/4afa0cdde045417ab31f98ae7745b039,4afa0cdde045417ab31f98ae7745b039
20260612_183855,house_169,traj_20,60,True,True,free,protr_l,right,-0.03571067841384397,0.2301474784121907,0.12419162799350704,0.07634032517671585,0.11827866733074188,0.11827866733074188,0,0.0,0.003431272781571728,0.0,193.0,cavity_obj_0/4afa0cdde045417ab31f98ae7745b039,4afa0cdde045417ab31f98ae7745b039
20260612_183855,house_169,traj_21,94,True,True,deflect,protr_s,left,-0.10204737137424998,0.15926673591876694,0.18944097695416695,0.048683129251003265,0.048683129251003265,0.07634032517671585,2,0.09090909090909091,0.028495279533523876,0.0,219.0,cavity_obj_0/4afa0cdde045417ab31f98ae7745b039,4afa0cdde045417ab31f98ae7745b039
20260612_183855,house_169,traj_22,53,True,True,free,protr_s,left,-0.16238881966246674,0.18989695033608686,0.1965941242641015,0.02209382690489292,0.026093047112226486,0.029061727225780487,2,0.5833333333333334,0.008602477473092738,0.0,207.0,cavity_obj_0/4afa0cdde045417ab31f98ae7745b039,4afa0cdde045417ab31f98ae7745b039
20260612_183855,house_169,traj_23,97,False,True,deflect,protr_l,left,-0.12635081696455297,0.16924058727036198,0.17795233965429924,0.0824909657239914,0.0824909657239914,0.0824909657239914,1,0.03125,0.0045865447495912325,0.0,159.0,cavity_obj_0/4afa0cdde045417ab31f98ae7745b039,4afa0cdde045417ab31f98ae7745b039
20260612_183855,house_169,traj_24,56,True,True,free,protr_m,left,-0.14675448593158025,0.18784609103216962,0.17711402661091752,0.02007969655096531,0.06117682531476021,0.06389492750167847,1,0.42857142857142855,0.0033415975881169327,0.0,195.0,cavity_obj_0/4afa0cdde045417ab31f98ae7745b039,4afa0cdde045417ab31f98ae7745b039
20260612_183855,house_169,traj_3,90,False,False,free,,,nan,,,0.02458770014345646,0.02458770014345646,0.02458770014345646,3,0.05555555555555555,0.003109011170048824,2.0,110.0,cavity_obj_0/4afa0cdde045417ab31f98ae7745b039,4afa0cdde045417ab31f98ae7745b039
20260612_183855,house_169,traj_4,109,True,True,deflect,protr_s,left,-0.0008469574731228002,0.17192936420604485,0.15563203910384515,0.06203441694378853,0.07031931728124619,0.0799495056271553,2,0.19753086419753085,0.0518299219382736,15.0,105.0,cavity_obj_0/4afa0cdde045417ab31f98ae7745b039,4afa0cdde045417ab31f98ae7745b039
20260612_183855,house_169,traj_5,108,True,True,deflect,protr_m,left,-0.10618289620080802,0.23755670056239317,0.18589608442386102,0.020075924694538116,0.029898609966039658,0.029898609966039658,3,0.4875,0.03654686836460433,3.0,244.0,cavity_obj_0/4afa0cdde045417ab31f98ae7745b039,4afa0cdde045417ab31f98ae7745b039
20260612_183855,house_169,traj_6,63,True,True,free,protr_s,left,-0.10418323644771524,0.16813597695405771,0.18239107588917805,0.020075924694538116,0.020075924694538116,0.020075924694538116,2,0.4,0.008788891417892195,1.0,196.0,cavity_obj_0/4afa0cdde045417ab31f98ae7745b039,4afa0cdde045417ab31f98ae7745b039
20260612_183855,house_169,traj_7,57,False,False,free,,,nan,,,0.03883954510092735,0.03883954510092735,0.03883954510092735,3,0.3783783783783784,0.004611541382505315,1.0,0.0,cavity_obj_0/4afa0cdde045417ab31f98ae7745b039,4afa0cdde045417ab31f98ae7745b039
20260612_183855,house_169,traj_8,64,True,False,free,,,nan,,,0.061164792627096176,0.11909154802560806,0.1207895576953888,0,0.0,0.004363835488453587,0.0,218.0,cavity_obj_0/4afa0cdde045417ab31f98ae7745b039,4afa0cdde045417ab31f98ae7745b039
20260612_183855,house_169,traj_9,54,False,False,free,,,nan,,,0.061164792627096176,0.061164792627096176,0.061164792627096176,2,0.29411764705882354,0.0033354035796433873,0.0,0.0,cavity_obj_0/4afa0cdde045417ab31f98ae7745b039,4afa0cdde045417ab31f98ae7745b039
20260612_183855,house_73,traj_0,88,False,True,free,protr_s,right,-0.17255063076994015,0.16216120332298511,0.1864615765735554,0.020012302324175835,0.020012302324175835,0.023004306480288506,2,0.4411764705882353,0.0051356646649557075,1.0,154.0,cavity_obj_0/4afa0cdde045417ab31f98ae7745b039,4afa0cdde045417ab31f98ae7745b039
20260612_183855,house_73,traj_1,58,True,True,free,protr_m,right,-0.16261091464141375,0.15922873472041033,0.1699570492962293,0.04934817925095558,0.04934817925095558,0.04934817925095558,2,0.03333333333333333,0.004227419963026911,0.0,210.0,cavity_obj_0/4afa0cdde045417ab31f98ae7745b039,4afa0cdde045417ab31f98ae7745b039
20260612_183855,house_73,traj_10,68,True,False,free,,,nan,,,0.08168148994445801,0.08168148994445801,0.08168148994445801,1,0.025,0.004261226168955611,0.0,187.0,cavity_obj_0/4afa0cdde045417ab31f98ae7745b039,4afa0cdde045417ab31f98ae7745b039
20260612_183855,house_73,traj_11,110,True,True,deflect,protr_s,right,-0.1669184871098746,0.1693590134549219,0.15017998166479468,0.08748749643564224,0.12115754932165146,0.12477238476276398,0,0.0,0.07425030663930206,0.0,222.0,cavity_obj_0/4afa0cdde045417ab31f98ae7745b039,4afa0cdde045417ab31f98ae7745b039
20260612_183855,house_73,traj_12,167,True,True,free,protr_l,right,-0.11898425944306312,0.20578021680927194,0.130182901342405,0.021689770743250847,0.08748749643564224,0.08748749643564224,1,0.08823529411764706,0.007091362024688461,1.0,337.0,cavity_obj_0/4afa0cdde045417ab31f98ae7745b039,4afa0cdde045417ab31f98ae7745b039
20260612_183855,house_73,traj_13,83,True,False,free,,,nan,,,0.02459200844168663,0.13039866089820862,0.1552731692790985,0,0.0,0.008293088268300343,0.0,123.0,cavity_obj_0/4afa0cdde045417ab31f98ae7745b039,4afa0cdde045417ab31f98ae7745b039
20260612_183855,house_73,traj_14,106,True,True,deflect,protr_m,left,0.058689581287701936,0.2176586313399293,0.16173562801101313,0.035205092281103134,0.03928093612194061,0.039546139538288116,2,0.3076923076923077,0.04020693306249619,0.0,146.0,cavity_obj_0/4afa0cdde045417ab31f98ae7745b039,4afa0cdde045417ab31f98ae7745b039
20260612_183855,house_73,traj_15,64,True,True,free,protr_l,right,-0.1312963665867818,0.15690622561384954,0.14068524035336138,0.035205092281103134,0.035205092281103134,0.035205092281103134,1,0.25,0.0049576302161861005,2.0,234.0,cavity_obj_0/4afa0cdde045417ab31f98ae7745b039,4afa0cdde045417ab31f98ae7745b039
20260612_183855,house_73,traj_16,57,True,True,free,protr_s,left,-0.03752520819033543,0.15544071407274462,0.1755993063399136,0.05590817704796791,0.05590817704796791,0.05590817704796791,1,0.06896551724137931,0.004223341821225571,0.0,192.0,cavity_obj_0/4afa0cdde045417ab31f98ae7745b039,4afa0cdde045417ab31f98ae7745b039
20260612_183855,house_73,traj_17,61,True,True,free,protr_s,right,-0.09323215487779647,0.2369035210911278,0.16469353598651387,0.020287442952394485,0.05033395439386368,0.051936015486717224,1,0.3939393939393939,0.005111388423207408,0.0,232.0,cavity_obj_0/4afa0cdde045417ab31f98ae7745b039,4afa0cdde045417ab31f98ae7745b039
20260612_183855,house_73,traj_18,62,True,True,free,protr_l,left,-0.017976902400338515,0.1711100761382381,0.18002430454537682,0.020703179761767387,0.020703179761767387,0.020703179761767387,2,0.029411764705882353,0.0034051034965972356,0.0,171.0,cavity_obj_0/4afa0cdde045417ab31f98ae7745b039,4afa0cdde045417ab31f98ae7745b039
20260612_183855,house_73,traj_19,85,True,False,free,,,nan,,,0.07486630976200104,0.12266159802675247,0.12266159802675247,0,0.0,0.0034704494798769745,3.0,129.0,cavity_obj_0/4afa0cdde045417ab31f98ae7745b039,4afa0cdde045417ab31f98ae7745b039
20260612_183855,house_73,traj_2,58,True,False,free,,,nan,,,0.05244419351220131,0.06784053146839142,0.06784053146839142,1,0.2,0.0043170116593798874,0.0,192.0,cavity_obj_0/4afa0cdde045417ab31f98ae7745b039,4afa0cdde045417ab31f98ae7745b039
20260612_183855,house_73,traj_20,62,True,True,free,protr_s,right,0.02541651679594077,0.2180287426302478,0.12875523557732244,0.0483064278960228,0.0483064278960228,0.0483064278960228,2,0.5,0.005203232254302777,0.0,233.0,cavity_obj_0/4afa0cdde045417ab31f98ae7745b039,4afa0cdde045417ab31f98ae7745b039
20260612_183855,house_73,traj_21,97,True,True,deflect,protr_s,right,-0.09558027899123776,0.14140863395494657,0.14932806700684018,0.07213881611824036,0.07213881611824036,0.07687210291624069,2,0.2727272727272727,0.005290715311734439,0.0,185.0,cavity_obj_0/4afa0cdde045417ab31f98ae7745b039,4afa0cdde045417ab31f98ae7745b039
20260612_183855,house_73,traj_22,130,False,True,deflect,protr_l,left,-0.0276156501914068,0.14177919104271366,0.19338393552562572,0.043086349964141846,0.04920801520347595,0.08197798579931259,2,0.2948717948717949,0.031355284428195386,2.0,110.0,cavity_obj_0/4afa0cdde045417ab31f98ae7745b039,4afa0cdde045417ab31f98ae7745b039
20260612_183855,house_73,traj_23,56,True,True,free,protr_s,right,-0.02984857911345841,0.2051866187735114,0.1869233136054268,0.03413015604019165,0.08392594009637833,0.09281466901302338,2,0.35714285714285715,0.003112801673410498,0.0,170.0,cavity_obj_0/4afa0cdde045417ab31f98ae7745b039,4afa0cdde045417ab31f98ae7745b039
20260612_183855,house_73,traj_24,94,True,True,deflect,protr_m,right,-0.03184579174464802,0.22659812361303117,0.19923396783949343,0.03413015604019165,0.03413015604019165,0.03413015604019165,2,0.5517241379310345,0.008918233950032268,0.0,76.0,cavity_obj_0/4afa0cdde045417ab31f98ae7745b039,4afa0cdde045417ab31f98ae7745b039
20260612_183855,house_73,traj_3,62,True,False,free,,,nan,,,0.0223594568669796,0.0223594568669796,0.0223594568669796,1,0.2647058823529412,0.019309660166294984,14.0,197.0,cavity_obj_0/4afa0cdde045417ab31f98ae7745b039,4afa0cdde045417ab31f98ae7745b039
20260612_183855,house_73,traj_4,110,True,True,deflect,protr_l,left,-0.08621368417530162,0.23395734604788693,0.1819129244017414,0.0327213890850544,0.04995783418416977,0.05110839009284973,3,0.4024390243902439,0.027393164273220146,7.0,207.0,cavity_obj_0/4afa0cdde045417ab31f98ae7745b039,4afa0cdde045417ab31f98ae7745b039
20260612_183855,house_73,traj_5,125,True,True,free,protr_m,right,-0.1631683664901698,0.1730755585367922,0.19790715344452423,0.0327213890850544,0.0327213890850544,0.0327213890850544,2,0.48484848484848486,0.0077088851341551405,0.0,143.0,cavity_obj_0/4afa0cdde045417ab31f98ae7745b039,4afa0cdde045417ab31f98ae7745b039
20260612_183855,house_73,traj_6,100,True,True,deflect,protr_s,left,-0.16919016800301617,0.15909705154636825,0.1962738691885908,0.0345182791352272,0.07469943165779114,0.07499345391988754,1,0.4305555555555556,0.035878580184184265,7.0,227.0,cavity_obj_0/4afa0cdde045417ab31f98ae7745b039,4afa0cdde045417ab31f98ae7745b039
20260612_183855,house_73,traj_7,103,True,True,deflect,protr_s,left,-0.10123071046447946,0.19110479649568315,0.14121324614828745,0.0345182791352272,0.05188550055027008,0.05643359571695328,2,0.5151515151515151,0.003175853019151853,1.0,83.0,cavity_obj_0/4afa0cdde045417ab31f98ae7745b039,4afa0cdde045417ab31f98ae7745b039
20260612_183855,house_73,traj_8,85,False,True,free,protr_l,left,0.023981363867243213,0.2305574282741757,0.19246700908754816,0.09157294034957886,0.09157294034957886,0.10476516932249069,1,0.03125,0.0037030529960010864,1.0,155.0,cavity_obj_0/4afa0cdde045417ab31f98ae7745b039,4afa0cdde045417ab31f98ae7745b039
20260612_183855,house_73,traj_9,85,True,True,free,protr_m,right,-0.07818782406731821,0.22342468646670638,0.1934616065600221,0.053703807294368744,0.053703807294368744,0.07375245541334152,2,0.41935483870967744,0.003603564603352981,1.0,110.0,cavity_obj_0/4afa0cdde045417ab31f98ae7745b039,4afa0cdde045417ab31f98ae7745b039
20260612_183855,house_97,traj_0,87,False,True,deflect,protr_s,right,-0.14129672601716586,0.15024644979897483,0.1836209114462136,0.03016132488846779,0.03016132488846779,0.037151530385017395,1,0.4482758620689655,0.006860290638759299,3.0,169.0,cavity_obj_0/4afa0cdde045417ab31f98ae7745b039,4afa0cdde045417ab31f98ae7745b039
20260612_183855,house_97,traj_1,55,True,True,free,protr_l,right,-0.08775830109232813,0.22849609910619292,0.17463627433639622,0.02836710400879383,0.02836710400879383,0.02836710400879383,1,0.037037037037037035,0.003997081042952641,0.0,135.0,cavity_obj_0/4afa0cdde045417ab31f98ae7745b039,4afa0cdde045417ab31f98ae7745b039
20260612_183855,house_97,traj_10,59,True,False,free,,,nan,,,0.07205633074045181,0.10748884826898575,0.11695612221956253,0,0.0,0.0020621858613048007,0.0,228.0,cavity_obj_0/4afa0cdde045417ab31f98ae7745b039,4afa0cdde045417ab31f98ae7745b039
20260612_183855,house_97,traj_11,86,False,False,free,,,nan,,,0.07205633074045181,0.07205633074045181,0.07205633074045181,1,0.03125,0.007183013039523784,0.0,132.0,cavity_obj_0/4afa0cdde045417ab31f98ae7745b039,4afa0cdde045417ab31f98ae7745b039
20260612_183855,house_97,traj_12,63,True,True,free,protr_l,right,-0.11336551815746616,0.2155546995362765,0.1957025503808874,0.11991330236196518,0.15863919258117676,0.1647084802389145,0,0.0,0.002087033350829068,1.0,222.0,cavity_obj_0/4afa0cdde045417ab31f98ae7745b039,4afa0cdde045417ab31f98ae7745b039
20260612_183855,house_97,traj_13,94,True,True,deflect,protr_m,left,-0.15617674556641914,0.15173545308989736,0.17794700258446464,0.05513198673725128,0.07968709617853165,0.07968709617853165,2,0.2153846153846154,0.04552583734779058,10.0,175.0,cavity_obj_0/4afa0cdde045417ab31f98ae7745b039,4afa0cdde045417ab31f98ae7745b039
20260612_183855,house_97,traj_14,60,True,False,free,,,nan,,,0.0334920659661293,0.03568527474999428,0.047068942338228226,2,0.5625,0.0030178283656365048,0.0,251.0,cavity_obj_0/4afa0cdde045417ab31f98ae7745b039,4afa0cdde045417ab31f98ae7745b039
20260612_183855,house_97,traj_15,95,True,True,deflect,protr_m,right,-0.012156034863101448,0.19363917711346254,0.1532178890644677,0.04718534275889397,0.04718534275889397,0.04718534275889397,2,0.04477611940298507,0.01307148916882731,0.0,142.0,cavity_obj_0/4afa0cdde045417ab31f98ae7745b039,4afa0cdde045417ab31f98ae7745b039
20260612_183855,house_97,traj_16,61,True,True,free,protr_s,left,-0.09148898727392257,0.22066918461884943,0.14200026191314322,0.02001892402768135,0.02001892402768135,0.02001892402768135,2,0.36363636363636365,0.003416421079528625,0.0,252.0,cavity_obj_0/4afa0cdde045417ab31f98ae7745b039,4afa0cdde045417ab31f98ae7745b039
20260612_183855,house_97,traj_17,84,True,True,free,protr_s,left,-0.053305643701676536,0.2311785149567252,0.19013582127436432,0.028930187225341797,0.028930187225341797,0.028930187225341797,2,0.24242424242424243,0.0030889817803947993,0.0,79.0,cavity_obj_0/4afa0cdde045417ab31f98ae7745b039,4afa0cdde045417ab31f98ae7745b039
20260612_183855,house_97,traj_18,94,True,True,deflect,protr_m,left,-0.009173756272745137,0.2098743118572805,0.12621492011945187,0.05281543731689453,0.05281543731689453,0.05281543731689453,1,0.09090909090909091,0.024376199153408173,0.0,205.0,cavity_obj_0/4afa0cdde045417ab31f98ae7745b039,4afa0cdde045417ab31f98ae7745b039
20260612_183855,house_97,traj_19,105,True,True,deflect,protr_l,left,-0.09109492477322301,0.22506386706624784,0.16535290903198152,0.06911841034889221,0.10955215245485306,0.11028445512056351,0,0.0,0.049849573866785846,5.0,195.0,cavity_obj_0/4afa0cdde045417ab31f98ae7745b039,4afa0cdde045417ab31f98ae7745b039
20260612_183855,house_97,traj_2,59,True,False,free,,,nan,,,0.06691691279411316,0.13551940023899078,0.13903088867664337,0,0.0,0.005067176072409611,0.0,215.0,cavity_obj_0/4afa0cdde045417ab31f98ae7745b039,4afa0cdde045417ab31f98ae7745b039
20260612_183855,house_97,traj_20,62,True,False,free,,,nan,,,0.0207822248339653,0.0518648698925972,0.06911841034889221,1,0.11764705882352941,0.006108310877250909,0.0,250.0,cavity_obj_0/4afa0cdde045417ab31f98ae7745b039,4afa0cdde045417ab31f98ae7745b039
20260612_183855,house_97,traj_21,63,True,True,free,protr_l,right,0.014139159517995242,0.2101703284327672,0.17059061474143894,0.07422398030757904,0.07422398030757904,0.07422398030757904,2,0.02857142857142857,0.0032904466828401055,0.0,192.0,cavity_obj_0/4afa0cdde045417ab31f98ae7745b039,4afa0cdde045417ab31f98ae7745b039
20260612_183855,house_97,traj_22,89,True,True,deflect,protr_m,left,0.030339604250007562,0.22694227042558052,0.13400973017543885,0.03471067547798157,0.03471067547798157,0.03471067547798157,1,0.7049180327868853,0.012436107474358525,0.0,220.0,cavity_obj_0/4afa0cdde045417ab31f98ae7745b039,4afa0cdde045417ab31f98ae7745b039
20260612_183855,house_97,traj_23,55,True,True,free,protr_m,right,-0.00989816043492614,0.22609295258197637,0.15802055832669437,0.06926152110099792,0.07937302440404892,0.07937302440404892,2,0.037037037037037035,0.00494627464288261,0.0,206.0,cavity_obj_0/4afa0cdde045417ab31f98ae7745b039,4afa0cdde045417ab31f98ae7745b039
20260612_183855,house_97,traj_24,89,True,True,free,protr_s,right,-0.11509264872873844,0.2073749851396936,0.150688243115184,0.041984740644693375,0.041984740644693375,0.041984740644693375,2,0.3783783783783784,0.005618181733333686,0.0,116.0,cavity_obj_0/4afa0cdde045417ab31f98ae7745b039,4afa0cdde045417ab31f98ae7745b039
20260612_183855,house_97,traj_3,86,True,True,free,protr_m,right,0.021460775071335078,0.1930098325439884,0.1815616901566091,0.04097817465662956,0.04097817465662956,0.04586593061685562,3,0.4375,0.005394573648109261,0.0,126.0,cavity_obj_0/4afa0cdde045417ab31f98ae7745b039,4afa0cdde045417ab31f98ae7745b039
20260612_183855,house_97,traj_4,150,False,True,deflect,protr_l,left,-0.08699720773276146,0.19991400278123342,0.18058135577211126,0.02008616365492344,0.052166275680065155,0.052280355244874954,3,0.4583333333333333,0.02716797029814466,14.0,120.0,cavity_obj_0/4afa0cdde045417ab31f98ae7745b039,4afa0cdde045417ab31f98ae7745b039
20260612_183855,house_97,traj_5,95,True,True,deflect,protr_l,left,-0.1451267082046481,0.17072753336564164,0.18618667525574759,0.09492950141429901,0.12684255838394165,0.12684255838394165,0,0.0,0.05481217147169261,0.0,143.0,cavity_obj_0/4afa0cdde045417ab31f98ae7745b039,4afa0cdde045417ab31f98ae7745b039
20260612_183855,house_97,traj_6,132,False,True,deflect,protr_m,left,0.020854125400937312,0.20942523362052723,0.17400582223289995,0.02024249918758869,0.02024249918758869,0.02024249918758869,4,0.7564102564102564,0.03519732309186199,11.0,104.0,cavity_obj_0/4afa0cdde045417ab31f98ae7745b039,4afa0cdde045417ab31f98ae7745b039
20260612_183855,house_97,traj_7,109,True,True,deflect,protr_l,right,-0.03069670004739422,0.1685437096248667,0.13247427493244068,0.08632677793502808,0.08632677793502808,0.08632677793502808,2,0.012345679012345678,0.06195828398896454,7.0,242.0,cavity_obj_0/4afa0cdde045417ab31f98ae7745b039,4afa0cdde045417ab31f98ae7745b039
20260612_183855,house_97,traj_8,93,False,False,free,,,nan,,,0.020001161843538284,0.020938728004693985,0.020938728004693985,1,0.6285714285714286,0.005493127052114027,0.0,85.0,cavity_obj_0/4afa0cdde045417ab31f98ae7745b039,4afa0cdde045417ab31f98ae7745b039
20260612_183855,house_97,traj_9,123,False,True,free,protr_s,right,-0.1420683286200867,0.16777181411934433,0.13511237829707493,0.06625177711248398,0.06625177711248398,0.06625177711248398,1,0.029411764705882353,0.0032452306327681564,1.0,135.0,cavity_obj_0/4afa0cdde045417ab31f98ae7745b039,4afa0cdde045417ab31f98ae7745b039
