sensor_name,link,phase,n_frames,n_valid_frames,valid_frame_ratio,activation_lt_0_20m
link1_sensor_0,link1,approach,270,270,1.0,0.0
link1_sensor_0,link1,pregrasp,5426,5426,1.0,0.0
link1_sensor_0,link1,grasp_lift,7186,7186,1.0,0.0
link1_sensor_0,link1,transit,0,0,,
link1_sensor_0,link1,place,0,0,,
link1_sensor_1,link1,approach,270,270,1.0,0.0
link1_sensor_1,link1,pregrasp,5426,5426,1.0,0.0
link1_sensor_1,link1,grasp_lift,7186,7186,1.0,0.0
link1_sensor_1,link1,transit,0,0,,
link1_sensor_1,link1,place,0,0,,
link1_sensor_2,link1,approach,270,270,1.0,0.0
link1_sensor_2,link1,pregrasp,5426,5426,1.0,0.0
link1_sensor_2,link1,grasp_lift,7186,7186,1.0,0.0
link1_sensor_2,link1,transit,0,0,,
link1_sensor_2,link1,place,0,0,,
link1_sensor_3,link1,approach,270,270,1.0,0.0
link1_sensor_3,link1,pregrasp,5426,5426,1.0,0.0
link1_sensor_3,link1,grasp_lift,7186,7186,1.0,0.00013915947676036738
link1_sensor_3,link1,transit,0,0,,
link1_sensor_3,link1,place,0,0,,
link1_sensor_4,link1,approach,270,270,1.0,0.0
link1_sensor_4,link1,pregrasp,5426,5426,1.0,0.0
link1_sensor_4,link1,grasp_lift,7186,7186,1.0,0.0
link1_sensor_4,link1,transit,0,0,,
link1_sensor_4,link1,place,0,0,,
link1_sensor_5,link1,approach,270,270,1.0,1.0
link1_sensor_5,link1,pregrasp,5426,5426,1.0,1.0
link1_sensor_5,link1,grasp_lift,7186,7186,1.0,1.0
link1_sensor_5,link1,transit,0,0,,
link1_sensor_5,link1,place,0,0,,
link1_sensor_6,link1,approach,270,270,1.0,0.0
link1_sensor_6,link1,pregrasp,5426,5426,1.0,0.0
link1_sensor_6,link1,grasp_lift,7186,7186,1.0,0.0
link1_sensor_6,link1,transit,0,0,,
link1_sensor_6,link1,place,0,0,,
link2_sensor_0,link2,approach,270,270,1.0,0.0
link2_sensor_0,link2,pregrasp,5426,5426,1.0,0.00018429782528566163
link2_sensor_0,link2,grasp_lift,7186,7186,1.0,0.0
link2_sensor_0,link2,transit,0,0,,
link2_sensor_0,link2,place,0,0,,
link2_sensor_1,link2,approach,270,270,1.0,0.0
link2_sensor_1,link2,pregrasp,5426,5426,1.0,0.0
link2_sensor_1,link2,grasp_lift,7186,7186,1.0,0.0
link2_sensor_1,link2,transit,0,0,,
link2_sensor_1,link2,place,0,0,,
link2_sensor_2,link2,approach,270,270,1.0,0.0
link2_sensor_2,link2,pregrasp,5426,5426,1.0,0.0
link2_sensor_2,link2,grasp_lift,7186,7186,1.0,0.0
link2_sensor_2,link2,transit,0,0,,
link2_sensor_2,link2,place,0,0,,
link2_sensor_3,link2,approach,270,270,1.0,0.007407407407407408
link2_sensor_3,link2,pregrasp,5426,5426,1.0,0.03298931072613343
link2_sensor_3,link2,grasp_lift,7186,7186,1.0,0.00848872808238241
link2_sensor_3,link2,transit,0,0,,
link2_sensor_3,link2,place,0,0,,
link2_sensor_4,link2,approach,270,270,1.0,0.0
link2_sensor_4,link2,pregrasp,5426,5426,1.0,0.00018429782528566163
link2_sensor_4,link2,grasp_lift,7186,7186,1.0,0.00041747843028110213
link2_sensor_4,link2,transit,0,0,,
link2_sensor_4,link2,place,0,0,,
link2_sensor_5,link2,approach,270,270,1.0,0.0
link2_sensor_5,link2,pregrasp,5426,5426,1.0,0.0
link2_sensor_5,link2,grasp_lift,7186,7186,1.0,0.0
link2_sensor_5,link2,transit,0,0,,
link2_sensor_5,link2,place,0,0,,
link2_sensor_6,link2,approach,270,270,1.0,0.0
link2_sensor_6,link2,pregrasp,5426,5426,1.0,0.0
link2_sensor_6,link2,grasp_lift,7186,7186,1.0,0.0
link2_sensor_6,link2,transit,0,0,,
link2_sensor_6,link2,place,0,0,,
link3_sensor_0,link3,approach,270,270,1.0,0.0
link3_sensor_0,link3,pregrasp,5426,5426,1.0,0.0
link3_sensor_0,link3,grasp_lift,7186,7186,1.0,0.0
link3_sensor_0,link3,transit,0,0,,
link3_sensor_0,link3,place,0,0,,
link3_sensor_1,link3,approach,270,270,1.0,0.0
link3_sensor_1,link3,pregrasp,5426,5426,1.0,0.0
link3_sensor_1,link3,grasp_lift,7186,7186,1.0,0.0
link3_sensor_1,link3,transit,0,0,,
link3_sensor_1,link3,place,0,0,,
link3_sensor_2,link3,approach,270,270,1.0,0.007407407407407408
link3_sensor_2,link3,pregrasp,5426,5426,1.0,0.0018429782528566164
link3_sensor_2,link3,grasp_lift,7186,7186,1.0,0.008210409128861675
link3_sensor_2,link3,transit,0,0,,
link3_sensor_2,link3,place,0,0,,
link3_sensor_3,link3,approach,270,270,1.0,0.003703703703703704
link3_sensor_3,link3,pregrasp,5426,5426,1.0,0.05657943236269812
link3_sensor_3,link3,grasp_lift,7186,7186,1.0,0.0
link3_sensor_3,link3,transit,0,0,,
link3_sensor_3,link3,place,0,0,,
link3_sensor_4,link3,approach,270,270,1.0,0.0
link3_sensor_4,link3,pregrasp,5426,5426,1.0,0.0
link3_sensor_4,link3,grasp_lift,7186,7186,1.0,0.0
link3_sensor_4,link3,transit,0,0,,
link3_sensor_4,link3,place,0,0,,
link4_sensor_0,link4,approach,270,270,1.0,0.0
link4_sensor_0,link4,pregrasp,5426,5426,1.0,0.0
link4_sensor_0,link4,grasp_lift,7186,7186,1.0,0.0015307542443640412
link4_sensor_0,link4,transit,0,0,,
link4_sensor_0,link4,place,0,0,,
link4_sensor_1,link4,approach,270,270,1.0,0.003703703703703704
link4_sensor_1,link4,pregrasp,5426,5426,1.0,0.0012900847769996315
link4_sensor_1,link4,grasp_lift,7186,7186,1.0,0.0037573058725299193
link4_sensor_1,link4,transit,0,0,,
link4_sensor_1,link4,place,0,0,,
link4_sensor_2,link4,approach,270,270,1.0,0.0
link4_sensor_2,link4,pregrasp,5426,5426,1.0,0.0
link4_sensor_2,link4,grasp_lift,7186,7186,1.0,0.0
link4_sensor_2,link4,transit,0,0,,
link4_sensor_2,link4,place,0,0,,
link4_sensor_3,link4,approach,270,270,1.0,0.003703703703703704
link4_sensor_3,link4,pregrasp,5426,5426,1.0,0.0
link4_sensor_3,link4,grasp_lift,7186,7186,1.0,0.0006957973838018369
link4_sensor_3,link4,transit,0,0,,
link4_sensor_3,link4,place,0,0,,
link4_sensor_4,link4,approach,270,270,1.0,0.0
link4_sensor_4,link4,pregrasp,5426,5426,1.0,0.0
link4_sensor_4,link4,grasp_lift,7186,7186,1.0,0.0
link4_sensor_4,link4,transit,0,0,,
link4_sensor_4,link4,place,0,0,,
link5_back_sensor_0,link5,approach,270,270,1.0,0.003703703703703704
link5_back_sensor_0,link5,pregrasp,5426,5426,1.0,0.00018429782528566163
link5_back_sensor_0,link5,grasp_lift,7186,7186,1.0,0.009741163373225717
link5_back_sensor_0,link5,transit,0,0,,
link5_back_sensor_0,link5,place,0,0,,
link5_back_sensor_1,link5,approach,270,270,1.0,0.0
link5_back_sensor_1,link5,pregrasp,5426,5426,1.0,0.0
link5_back_sensor_1,link5,grasp_lift,7186,7186,1.0,0.0
link5_back_sensor_1,link5,transit,0,0,,
link5_back_sensor_1,link5,place,0,0,,
link5_back_sensor_2,link5,approach,270,270,1.0,0.22962962962962963
link5_back_sensor_2,link5,pregrasp,5426,5426,1.0,0.09233321046811648
link5_back_sensor_2,link5,grasp_lift,7186,7186,1.0,0.3203451155023657
link5_back_sensor_2,link5,transit,0,0,,
link5_back_sensor_2,link5,place,0,0,,
link5_back_sensor_3,link5,approach,270,270,1.0,0.0
link5_back_sensor_3,link5,pregrasp,5426,5426,1.0,0.00018429782528566163
link5_back_sensor_3,link5,grasp_lift,7186,7186,1.0,0.0
link5_back_sensor_3,link5,transit,0,0,,
link5_back_sensor_3,link5,place,0,0,,
link5_back_sensor_4,link5,approach,270,270,1.0,0.4148148148148148
link5_back_sensor_4,link5,pregrasp,5426,5426,1.0,0.20880943604865462
link5_back_sensor_4,link5,grasp_lift,7186,7186,1.0,0.4859448928472029
link5_back_sensor_4,link5,transit,0,0,,
link5_back_sensor_4,link5,place,0,0,,
link5_back_sensor_5,link5,approach,270,270,1.0,0.5444444444444444
link5_back_sensor_5,link5,pregrasp,5426,5426,1.0,0.3603022484334685
link5_back_sensor_5,link5,grasp_lift,7186,7186,1.0,0.6356804898413582
link5_back_sensor_5,link5,transit,0,0,,
link5_back_sensor_5,link5,place,0,0,,
link5_front_sensor_0,link5,approach,270,270,1.0,0.003703703703703704
link5_front_sensor_0,link5,pregrasp,5426,5426,1.0,0.0018429782528566164
link5_front_sensor_0,link5,grasp_lift,7186,7186,1.0,0.013915947676036738
link5_front_sensor_0,link5,transit,0,0,,
link5_front_sensor_0,link5,place,0,0,,
link5_front_sensor_1,link5,approach,270,270,1.0,0.0
link5_front_sensor_1,link5,pregrasp,5426,5426,1.0,0.0
link5_front_sensor_1,link5,grasp_lift,7186,7186,1.0,0.0
link5_front_sensor_1,link5,transit,0,0,,
link5_front_sensor_1,link5,place,0,0,,
link5_front_sensor_2,link5,approach,270,270,1.0,0.0
link5_front_sensor_2,link5,pregrasp,5426,5426,1.0,0.0
link5_front_sensor_2,link5,grasp_lift,7186,7186,1.0,0.0
link5_front_sensor_2,link5,transit,0,0,,
link5_front_sensor_2,link5,place,0,0,,
link5_front_sensor_3,link5,approach,270,270,1.0,0.003703703703703704
link5_front_sensor_3,link5,pregrasp,5426,5426,1.0,0.002580169553999263
link5_front_sensor_3,link5,grasp_lift,7186,7186,1.0,0.0064013359309769
link5_front_sensor_3,link5,transit,0,0,,
link5_front_sensor_3,link5,place,0,0,,
link6_sensor_0,link6,approach,270,270,1.0,0.14074074074074075
link6_sensor_0,link6,pregrasp,5426,5426,1.0,0.12311094729082196
link6_sensor_0,link6,grasp_lift,7186,7186,1.0,0.14138602838853326
link6_sensor_0,link6,transit,0,0,,
link6_sensor_0,link6,place,0,0,,
link6_sensor_1,link6,approach,270,270,1.0,0.36666666666666664
link6_sensor_1,link6,pregrasp,5426,5426,1.0,0.15775893844452635
link6_sensor_1,link6,grasp_lift,7186,7186,1.0,0.5193431672696911
link6_sensor_1,link6,transit,0,0,,
link6_sensor_1,link6,place,0,0,,
link6_sensor_2,link6,approach,270,270,1.0,0.43333333333333335
link6_sensor_2,link6,pregrasp,5426,5426,1.0,0.29856247696277183
link6_sensor_2,link6,grasp_lift,7186,7186,1.0,0.3640411912051211
link6_sensor_2,link6,transit,0,0,,
link6_sensor_2,link6,place,0,0,,
link6_sensor_3,link6,approach,270,270,1.0,0.14074074074074075
link6_sensor_3,link6,pregrasp,5426,5426,1.0,0.09012163656468854
link6_sensor_3,link6,grasp_lift,7186,7186,1.0,0.11633732257166714
link6_sensor_3,link6,transit,0,0,,
link6_sensor_3,link6,place,0,0,,
link6_sensor_4,link6,approach,270,270,1.0,0.08888888888888889
link6_sensor_4,link6,pregrasp,5426,5426,1.0,0.04109841503870254
link6_sensor_4,link6,grasp_lift,7186,7186,1.0,0.0699972168104648
link6_sensor_4,link6,transit,0,0,,
link6_sensor_4,link6,place,0,0,,
link6_sensor_5,link6,approach,270,270,1.0,0.04814814814814815
link6_sensor_5,link6,pregrasp,5426,5426,1.0,0.017508293402137855
link6_sensor_5,link6,grasp_lift,7186,7186,1.0,0.06373504035624826
link6_sensor_5,link6,transit,0,0,,
link6_sensor_5,link6,place,0,0,,
