sensor_name,link,n_frames,n_valid_frames,valid_frame_ratio,activation_lt_0_50m,activation_lt_0_20m,activation_lt_0_10m,activation_lt_0_05m,near_saturation_lt_0_05m,raw_frame_activation_lt_0_50m,raw_frame_activation_lt_0_20m,raw_frame_activation_lt_0_10m,raw_frame_activation_lt_0_05m,mean_min_depth_m,std_min_depth_m,p05_min_depth_m,p50_min_depth_m,p95_min_depth_m,min_depth_m,median_within_traj_std_m,median_frame_to_frame_abs_diff_m,success_activation_lt_0_20m,failure_activation_lt_0_20m,success_minus_failure_activation_lt_0_20m,phase_approach_n_frames,phase_approach_n_valid_frames,phase_approach_valid_frame_ratio,phase_approach_activation_lt_0_20m,phase_pregrasp_n_frames,phase_pregrasp_n_valid_frames,phase_pregrasp_valid_frame_ratio,phase_pregrasp_activation_lt_0_20m,phase_grasp_lift_n_frames,phase_grasp_lift_n_valid_frames,phase_grasp_lift_valid_frame_ratio,phase_grasp_lift_activation_lt_0_20m,phase_transit_n_frames,phase_transit_n_valid_frames,phase_transit_valid_frame_ratio,phase_transit_activation_lt_0_20m,phase_place_n_frames,phase_place_n_valid_frames,phase_place_valid_frame_ratio,phase_place_activation_lt_0_20m,phase_spread_active_phase_count,suspicious_self_sensing,suspicious_reason
link1_sensor_0,link1,12882,12882,1.0,0.03136158981524608,0.0,0.0,0.0,0.0,0.03136158981524608,0.0,0.0,0.0,1.646773333892173,0.31271987899888304,0.6535437881946564,1.7266424894332886,1.7915311038494108,0.22261200845241547,0.015959618927318224,0.0004961788654327393,0.0,0.0,0.0,270,270,1.0,0.0,5426,5426,1.0,0.0,7186,7186,1.0,0.0,0,0,,,0,0,,,0,False,
link1_sensor_1,link1,12882,12882,1.0,0.01808725353206024,0.0,0.0,0.0,0.0,0.01808725353206024,0.0,0.0,0.0,0.9433532805245517,0.07845682423262341,0.9549015760421753,0.9549860954284668,0.9551065534353256,0.26845037937164307,5.498794413383641e-05,3.3408403396606445e-05,0.0,0.0,0.0,270,270,1.0,0.0,5426,5426,1.0,0.0,7186,7186,1.0,0.0,0,0,,,0,0,,,0,True,extremely_low_frame_to_frame_variation
link1_sensor_2,link1,12882,12882,1.0,0.007452258965999069,0.0,0.0,0.0,0.0,0.007452258965999069,0.0,0.0,0.0,1.6989673956305587,0.15231412339257394,1.6577983736991881,1.7098788022994995,1.8024966597557066,0.2821803390979767,0.00998330897950224,0.00019565224647521973,0.0,0.0,0.0,270,270,1.0,0.0,5426,5426,1.0,0.0,7186,7186,1.0,0.0,0,0,,,0,0,,,0,False,
link1_sensor_3,link1,12882,12882,1.0,0.487657196087564,7.76276975624903e-05,0.0,0.0,0.0,0.487657196087564,7.76276975624903e-05,0.0,0.0,0.6775313309996632,0.4491039604352382,0.3461081743240357,0.5023251175880432,1.7094206035137176,0.12061608582735062,0.0709107471083247,0.000562518835067749,0.0,0.00016786973308712439,-0.00016786973308712439,270,270,1.0,0.0,5426,5426,1.0,0.0,7186,7186,1.0,0.00013915947676036738,0,0,,,0,0,,,0,False,
link1_sensor_4,link1,12882,12882,1.0,0.5041918956683745,0.0,0.0,0.0,0.0,0.5041918956683745,0.0,0.0,0.0,0.5262174382077076,0.1181798164415398,0.3809437155723572,0.4988236725330353,0.7660083144903183,0.25652629137039185,0.034791846184836134,0.0006446018815040588,0.0,0.0,0.0,270,270,1.0,0.0,5426,5426,1.0,0.0,7186,7186,1.0,0.0,0,0,,,0,0,,,0,False,
link1_sensor_5,link1,12882,12882,1.0,1.0,1.0,0.0,0.0,0.0,1.0,1.0,0.0,0.0,0.18646579084837214,4.740626248180331e-06,0.1864597648382187,0.1864650547504425,0.18647488951683044,0.1864585429430008,4.2884620738057906e-06,2.7641654014587402e-06,1.0,1.0,0.0,270,270,1.0,1.0,5426,5426,1.0,1.0,7186,7186,1.0,1.0,0,0,,,0,0,,,3,True,activation_lt_0_20m_close_to_1;extremely_low_frame_to_frame_variation
link1_sensor_6,link1,12882,12882,1.0,0.018785902810122653,0.0,0.0,0.0,0.0,0.018785902810122653,0.0,0.0,0.0,1.6592093622914894,0.21880295378653464,1.634545338153839,1.6977970004081726,1.7675325512886046,0.4068768620491028,0.012809579840935744,0.0003768503665924072,0.0,0.0,0.0,270,270,1.0,0.0,5426,5426,1.0,0.0,7186,7186,1.0,0.0,0,0,,,0,0,,,0,False,
link2_sensor_0,link2,12882,12882,1.0,0.02119236143455985,7.76276975624903e-05,7.76276975624903e-05,0.0,0.0,0.02119236143455985,7.76276975624903e-05,7.76276975624903e-05,0.0,1.2786922376829035,0.18220665040276238,1.1406535506248474,1.2917430400848389,1.4667287111282348,0.06910450011491776,0.07919671228023348,0.003412872552871704,0.0001444043321299639,0.0,0.0001444043321299639,270,270,1.0,0.0,5426,5426,1.0,0.00018429782528566163,7186,7186,1.0,0.0,0,0,,,0,0,,,0,False,
link2_sensor_1,link2,12882,12882,1.0,0.0001552553951249806,0.0,0.0,0.0,0.0,0.0001552553951249806,0.0,0.0,0.0,1.6247602410451396,0.12998211385176142,1.5815736413002015,1.6379759311676025,1.699080866575241,0.4766883850097656,0.011358416150267028,0.00023102760314941406,0.0,0.0,0.0,270,270,1.0,0.0,5426,5426,1.0,0.0,7186,7186,1.0,0.0,0,0,,,0,0,,,0,False,
link2_sensor_2,link2,12882,12882,1.0,0.0,0.0,0.0,0.0,0.0,0.0,0.0,0.0,0.0,1.2705438019853257,0.3017007939553199,0.7592936277389526,1.4295849800109863,1.6443834602832792,0.738353967666626,0.2757238324727397,0.004788339138031006,0.0,0.0,0.0,270,270,1.0,0.0,5426,5426,1.0,0.0,7186,7186,1.0,0.0,0,0,,,0,0,,,0,False,
link2_sensor_3,link2,12882,12882,1.0,0.6661232727837292,0.018785902810122653,0.004890544946436889,0.0,0.0,0.6661232727837292,0.018785902810122653,0.004890544946436889,0.0,0.568482454187741,0.3622331695896308,0.2653894603252411,0.45910876989364624,1.6586030960083007,0.07903862744569778,0.07440217824697315,0.0011662840843200684,0.024259927797833935,0.012422360248447204,0.01183756754938673,270,270,1.0,0.007407407407407408,5426,5426,1.0,0.03298931072613343,7186,7186,1.0,0.00848872808238241,0,0,,,0,0,,,0,False,
link2_sensor_4,link2,12882,12882,1.0,0.30352429746933707,0.0003105107902499612,0.0001552553951249806,0.0001552553951249806,0.0001552553951249806,0.30352429746933707,0.0003105107902499612,0.0001552553951249806,0.0001552553951249806,0.8126473657938232,0.5006673688248646,0.3868630096316338,0.5655679404735565,1.6791623651981353,0.012140302918851376,0.42662478404278203,0.0008296966552734375,0.0,0.0006714789323484975,-0.0006714789323484975,270,270,1.0,0.0,5426,5426,1.0,0.00018429782528566163,7186,7186,1.0,0.00041747843028110213,0,0,,,0,0,,,0,False,
link2_sensor_5,link2,12882,12882,1.0,0.01894115820524763,0.0,0.0,0.0,0.0,0.01894115820524763,0.0,0.0,0.0,1.3309132904762844,0.5793937236108313,0.5402962774038315,1.7804862260818481,1.9227862238883968,0.3936081528663635,0.5171373210311059,0.0030905604362487793,0.0,0.0,0.0,270,270,1.0,0.0,5426,5426,1.0,0.0,7186,7186,1.0,0.0,0,0,,,0,0,,,0,False,
link2_sensor_6,link2,12882,12882,1.0,0.03896910417637013,0.0,0.0,0.0,0.0,0.03896910417637013,0.0,0.0,0.0,0.7380783588823152,0.08025977930407283,0.5166707992553711,0.7654880285263062,0.7999976307153702,0.3825036287307739,0.06479363089593554,0.0007254481315612793,0.0,0.0,0.0,270,270,1.0,0.0,5426,5426,1.0,0.0,7186,7186,1.0,0.0,0,0,,,0,0,,,0,False,
link3_sensor_0,link3,12882,12882,1.0,0.2206955441701599,0.0,0.0,0.0,0.0,0.2206955441701599,0.0,0.0,0.0,0.764773548998146,0.1984266333608486,0.4564655780792236,0.8850260972976685,0.9370823115110397,0.44669800996780396,0.1817410820287252,0.0006296634674072266,0.0,0.0,0.0,270,270,1.0,0.0,5426,5426,1.0,0.0,7186,7186,1.0,0.0,0,0,,,0,0,,,0,False,
link3_sensor_1,link3,12882,12882,1.0,0.38448998602701445,0.0,0.0,0.0,0.0,0.38448998602701445,0.0,0.0,0.0,0.7448079588643294,0.47504975260576554,0.30865932404994967,0.5536330342292786,1.7004233717918393,0.21086034178733826,0.16459425682240256,0.002657167613506317,0.0,0.0,0.0,270,270,1.0,0.0,5426,5426,1.0,0.0,7186,7186,1.0,0.0,0,0,,,0,0,,,0,False,
link3_sensor_2,link3,12882,12882,1.0,0.7810898928737774,0.005511566526936811,0.0,0.0,0.0,0.7810898928737774,0.005511566526936811,0.0,0.0,0.43739441326710776,0.13913938093582817,0.2946767330169678,0.41704271733760834,0.6197641462087631,0.11043740063905716,0.08331667420946079,0.002134978771209717,0.0005776173285198556,0.011247272116837334,-0.010669654788317478,270,270,1.0,0.007407407407407408,5426,5426,1.0,0.0018429782528566164,7186,7186,1.0,0.008210409128861675,0,0,,,0,0,,,0,False,
link3_sensor_3,link3,12882,12882,1.0,0.26781555659059153,0.023909330849247012,0.007685142058686539,0.0007762769756249029,0.0007762769756249029,0.26781555659059153,0.023909330849247012,0.007685142058686539,0.0007762769756249029,0.7521172095317301,0.2541313204104268,0.4423662483692169,0.9060886204242706,1.0319270849227904,0.012140302918851376,0.22855225752505287,0.0019018948078155518,0.02411552346570397,0.023669632365284538,0.00044589110041943353,270,270,1.0,0.003703703703703704,5426,5426,1.0,0.05657943236269812,7186,7186,1.0,0.0,0,0,,,0,0,,,0,False,
link3_sensor_4,link3,12882,12882,1.0,0.23094240024840862,0.0,0.0,0.0,0.0,0.23094240024840862,0.0,0.0,0.0,1.3024909275022474,0.572162184945846,0.3649039089679718,1.6510435938835144,1.754658180475235,0.27379539608955383,0.29510551604469304,0.001157417893409729,0.0,0.0,0.0,270,270,1.0,0.0,5426,5426,1.0,0.0,7186,7186,1.0,0.0,0,0,,,0,0,,,0,False,
link4_sensor_0,link4,12882,12882,1.0,0.8006520726595249,0.0008539046731873933,0.0,0.0,0.0,0.8006520726595249,0.0008539046731873933,0.0,0.0,0.5070312030346218,0.29529655766496055,0.2596064954996109,0.4346514344215393,1.4908986687660217,0.1880757063627243,0.23362022614910244,0.0022679567337036133,0.001588447653429603,0.0,0.001588447653429603,270,270,1.0,0.0,5426,5426,1.0,0.0,7186,7186,1.0,0.0015307542443640412,0,0,,,0,0,,,0,False,
link4_sensor_1,link4,12882,12882,1.0,0.36787765874864153,0.0027169694146871605,0.0,0.0,0.0,0.36787765874864153,0.0027169694146871605,0.0,0.0,1.0247018678084034,0.6137144829873388,0.3294464021921158,0.6920044422149658,1.7342370986938476,0.12964798510074615,0.3489655559335917,0.0017995685338974,0.0,0.005875440658049354,-0.005875440658049354,270,270,1.0,0.003703703703703704,5426,5426,1.0,0.0012900847769996315,7186,7186,1.0,0.0037573058725299193,0,0,,,0,0,,,0,False,
link4_sensor_2,link4,12882,12882,1.0,0.688091911193914,0.0,0.0,0.0,0.0,0.688091911193914,0.0,0.0,0.0,0.5043891677515812,0.24375715749904184,0.2929415017366409,0.4602498412132263,0.7470902711153027,0.21410103142261505,0.11908556759766525,0.0034523755311965942,0.0,0.0,0.0,270,270,1.0,0.0,5426,5426,1.0,0.0,7186,7186,1.0,0.0,0,0,,,0,0,,,0,False,
link4_sensor_3,link4,12882,12882,1.0,0.2335817419655333,0.0004657661853749418,0.0,0.0,0.0,0.2335817419655333,0.0004657661853749418,0.0,0.0,0.9774989708725981,0.3916226354245765,0.30559818595647814,1.2094314694404602,1.340124386548996,0.1835358589887619,0.20505498907209424,0.0037935972213745117,0.0007220216606498195,0.00016786973308712439,0.0005541519275626951,270,270,1.0,0.003703703703703704,5426,5426,1.0,0.0,7186,7186,1.0,0.0006957973838018369,0,0,,,0,0,,,0,False,
link4_sensor_4,link4,12882,12882,1.0,0.02072659524918491,0.0,0.0,0.0,0.0,0.02072659524918491,0.0,0.0,0.0,1.6347372978763752,0.3356022224251966,0.584391075372696,1.7278804183006287,1.8123948693275451,0.2889299988746643,0.023335339519614744,0.0013165175914764404,0.0,0.0,0.0,270,270,1.0,0.0,5426,5426,1.0,0.0,7186,7186,1.0,0.0,0,0,,,0,0,,,0,False,
link5_back_sensor_0,link5,12882,12882,1.0,0.05853128396211768,0.0055891942244993015,0.0004657661853749418,0.0001552553951249806,0.0001552553951249806,0.05853128396211768,0.0055891942244993015,0.0004657661853749418,0.0001552553951249806,1.71521654381045,0.41388773219004493,0.42327758520841596,1.82205069065094,2.058297836780548,0.02437061257660389,0.10809623719072906,0.0015872716903686523,0.010108303249097473,0.00033573946617424877,0.009772563782923224,270,270,1.0,0.003703703703703704,5426,5426,1.0,0.00018429782528566163,7186,7186,1.0,0.009741163373225717,0,0,,,0,0,,,0,False,
link5_back_sensor_1,link5,12882,12882,1.0,0.0,0.0,0.0,0.0,0.0,0.0,0.0,0.0,0.0,1.9740997886198728,0.17695184915116463,1.5714214503765107,2.005531430244446,2.184214770793915,1.152187705039978,0.06998719717785634,0.0033026933670043945,0.0,0.0,0.0,270,270,1.0,0.0,5426,5426,1.0,0.0,7186,7186,1.0,0.0,0,0,,,0,0,,,0,False,
link5_back_sensor_2,link5,12882,12882,1.0,0.583760285669927,0.2224033535165347,0.05767737928893029,0.02421984163949697,0.02421984163949697,0.583760285669927,0.2224033535165347,0.05767737928893029,0.02421984163949697,0.7617189581880448,0.6718382261611142,0.08950636982917785,0.3387555032968521,1.7201412737369537,0.012140302918851376,0.5153574332379112,0.0023096445947885513,0.2427436823104693,0.19875776397515527,0.04398591833531404,270,270,1.0,0.22962962962962963,5426,5426,1.0,0.09233321046811648,7186,7186,1.0,0.3203451155023657,0,0,,,0,0,,,2,False,
link5_back_sensor_3,link5,12882,12882,1.0,0.0002328830926874709,7.76276975624903e-05,0.0,0.0,0.0,0.0002328830926874709,7.76276975624903e-05,0.0,0.0,1.8125683950586193,0.2805071532833444,1.3131420850753783,1.876964509487152,2.1615154862403867,0.18478061258792877,0.12604435748153553,0.007238924503326416,0.0,0.00016786973308712439,-0.00016786973308712439,270,270,1.0,0.0,5426,5426,1.0,0.00018429782528566163,7186,7186,1.0,0.0,0,0,,,0,0,,,0,False,
link5_back_sensor_4,link5,12882,12882,1.0,0.960254618848005,0.3677224033535165,0.14850178543704393,0.03182735600062102,0.03182735600062102,0.960254618848005,0.3677224033535165,0.14850178543704393,0.03182735600062102,0.27258213719181285,0.1920834454029033,0.059333084151148796,0.2549637407064438,0.4749134480953215,0.012140302918851376,0.08740608325238985,0.0017971992492675781,0.39537906137184115,0.33557159644116163,0.05980746493067951,270,270,1.0,0.4148148148148148,5426,5426,1.0,0.20880943604865462,7186,7186,1.0,0.4859448928472029,0,0,,,0,0,,,3,False,
link5_back_sensor_5,link5,12882,12882,1.0,0.9163173420276355,0.5177767427418103,0.1871603788231641,0.04952647104486881,0.04952647104486881,0.9163173420276355,0.5177767427418103,0.1871603788231641,0.04952647104486881,0.3161890987074618,0.3900421836500136,0.050513431429862976,0.19314924627542496,1.5461220920085905,0.012140302918851376,0.1642283962110954,0.004507371224462986,0.5523465703971119,0.47758939063286887,0.07475717976424301,270,270,1.0,0.5444444444444444,5426,5426,1.0,0.3603022484334685,7186,7186,1.0,0.6356804898413582,0,0,,,0,0,,,3,False,
link5_front_sensor_0,link5,12882,12882,1.0,0.3232417326502096,0.008616674429436423,0.0038037571805620246,0.0017854370439372767,0.0017854370439372767,0.3232417326502096,0.008616674429436423,0.0038037571805620246,0.0017854370439372767,1.2074762206371912,0.641868029966259,0.27298396825790405,1.6382806897163391,1.8076813697814942,0.0397275872528553,0.44314441940805194,0.0025790035724639893,0.0077978339350180505,0.00956857478596609,-0.0017707408509480401,270,270,1.0,0.003703703703703704,5426,5426,1.0,0.0018429782528566164,7186,7186,1.0,0.013915947676036738,0,0,,,0,0,,,0,False,
link5_front_sensor_1,link5,12882,12882,1.0,0.0,0.0,0.0,0.0,0.0,0.0,0.0,0.0,0.0,2.105703466400526,0.1616548727379578,1.7568674445152284,2.138284683227539,2.2995524644851684,1.3056532144546509,0.10459086410128074,0.0066547393798828125,0.0,0.0,0.0,270,270,1.0,0.0,5426,5426,1.0,0.0,7186,7186,1.0,0.0,0,0,,,0,0,,,0,False,
link5_front_sensor_2,link5,12882,12882,1.0,0.0,0.0,0.0,0.0,0.0,0.0,0.0,0.0,0.0,2.021025054481825,0.20398292777113813,1.6133365988731385,2.066423177719116,2.245349705219269,0.7762423157691956,0.11051113548199792,0.006579935550689697,0.0,0.0,0.0,270,270,1.0,0.0,5426,5426,1.0,0.0,7186,7186,1.0,0.0,0,0,,,0,0,,,0,False,
link5_front_sensor_3,link5,12882,12882,1.0,0.4087874553640739,0.004735289551311908,0.003881384878124515,7.76276975624903e-05,7.76276975624903e-05,0.4087874553640739,0.004735289551311908,0.003881384878124515,7.76276975624903e-05,0.7367093472307333,0.3757286205800845,0.28662580251693726,0.6612645387649536,1.2475552439689637,0.049378618597984314,0.26482230275577434,0.002996310591697693,0.0001444043321299639,0.010072183985227464,-0.0099277796530975,270,270,1.0,0.003703703703703704,5426,5426,1.0,0.002580169553999263,7186,7186,1.0,0.0064013359309769,0,0,,,0,0,,,0,False,
link6_sensor_0,link6,12882,12882,1.0,0.6141903431144232,0.13367489520260828,0.03112870672255861,0.01568079490762304,0.01568079490762304,0.6141903431144232,0.13367489520260828,0.03112870672255861,0.01568079490762304,0.40719832091273706,0.16884044659173003,0.13851801678538322,0.4239207059144974,0.6270568341016769,0.012140302918851376,0.08015043871635688,0.000996120274066925,0.09963898916967509,0.17324156454591239,-0.0736025753762373,270,270,1.0,0.14074074074074075,5426,5426,1.0,0.12311094729082196,7186,7186,1.0,0.14138602838853326,0,0,,,0,0,,,0,False,
link6_sensor_1,link6,12882,12882,1.0,0.6429125912125446,0.363841018475392,0.13049215960254618,0.039201987269057596,0.039201987269057596,0.6429125912125446,0.363841018475392,0.13049215960254618,0.039201987269057596,0.6902730884350732,0.6809493975059421,0.05693607293069363,0.3233661353588104,1.7385930776596068,0.012140302918851376,0.5680524706219314,0.003949442878365517,0.4375451263537906,0.2781601477253651,0.1593849786284255,270,270,1.0,0.36666666666666664,5426,5426,1.0,0.15775893844452635,7186,7186,1.0,0.5193431672696911,0,0,,,0,0,,,2,False,
link6_sensor_2,link6,12882,12882,1.0,0.9272628473839466,0.3379133674895203,0.08391554106505202,0.03306939916162087,0.03306939916162087,0.9272628473839466,0.3379133674895203,0.08391554106505202,0.03306939916162087,0.28223847173544186,0.13965999842143598,0.06984386965632439,0.26668551564216614,0.5192448526620865,0.012140302918851376,0.07404295137969927,0.0015086643397808075,0.28707581227436824,0.3970119187510492,-0.10993610647668095,270,270,1.0,0.43333333333333335,5426,5426,1.0,0.29856247696277183,7186,7186,1.0,0.3640411912051211,0,0,,,0,0,,,3,False,
link6_sensor_3,link6,12882,12882,1.0,0.5772395590746778,0.10580655177767427,0.022900170780934637,0.009004812917248875,0.009004812917248875,0.5772395590746778,0.10580655177767427,0.022900170780934637,0.009004812917248875,0.42760391002502113,0.1663145907825982,0.1623384512960911,0.4427669495344162,0.648213618993759,0.012140302918851376,0.07884068645582024,0.0011275559663772583,0.09010830324909748,0.12405573275138493,-0.03394742950228745,270,270,1.0,0.14074074074074075,5426,5426,1.0,0.09012163656468854,7186,7186,1.0,0.11633732257166714,0,0,,,0,0,,,0,False,
link6_sensor_4,link6,12882,12882,1.0,0.4152305542617606,0.058220773171867725,0.013662474770998292,0.0030274802049371215,0.0030274802049371215,0.4152305542617606,0.058220773171867725,0.013662474770998292,0.0030274802049371215,0.5018057545331525,0.1698092954054597,0.18807248920202255,0.5390160381793976,0.7479938924312591,0.02008448913693428,0.10786216520200889,0.0016880780458450317,0.03884476534296029,0.08074534161490683,-0.041900576271946544,270,270,1.0,0.08888888888888889,5426,5426,1.0,0.04109841503870254,7186,7186,1.0,0.0699972168104648,0,0,,,0,0,,,0,False,
link6_sensor_5,link6,12882,12882,1.0,0.32386275423070954,0.043937276820369506,0.012808570097810898,0.007297003570874088,0.007297003570874088,0.32386275423070954,0.043937276820369506,0.012808570097810898,0.007297003570874088,1.163529291866844,0.6395438639159681,0.21360715478658676,1.5035029649734497,1.8100015819072723,0.021819274872541428,0.2856300740299505,0.0028794407844543457,0.04288808664259928,0.04515695820043646,-0.002268871557837185,270,270,1.0,0.04814814814814815,5426,5426,1.0,0.017508293402137855,7186,7186,1.0,0.06373504035624826,0,0,,,0,0,,,0,False,
