house_id,sensor_name,link,n_frames,n_valid_frames,valid_frame_ratio,activation_lt_0_50m,activation_lt_0_20m,activation_lt_0_10m,activation_lt_0_05m,near_saturation_lt_0_05m,raw_frame_activation_lt_0_50m,raw_frame_activation_lt_0_20m,raw_frame_activation_lt_0_10m,raw_frame_activation_lt_0_05m,mean_min_depth_m,std_min_depth_m,p05_min_depth_m,p50_min_depth_m,p95_min_depth_m,min_depth_m,median_within_traj_std_m,median_frame_to_frame_abs_diff_m,success_activation_lt_0_20m,failure_activation_lt_0_20m,success_minus_failure_activation_lt_0_20m,phase_approach_n_frames,phase_approach_n_valid_frames,phase_approach_valid_frame_ratio,phase_approach_activation_lt_0_20m,phase_pregrasp_n_frames,phase_pregrasp_n_valid_frames,phase_pregrasp_valid_frame_ratio,phase_pregrasp_activation_lt_0_20m,phase_grasp_lift_n_frames,phase_grasp_lift_n_valid_frames,phase_grasp_lift_valid_frame_ratio,phase_grasp_lift_activation_lt_0_20m,phase_transit_n_frames,phase_transit_n_valid_frames,phase_transit_valid_frame_ratio,phase_transit_activation_lt_0_20m,phase_place_n_frames,phase_place_n_valid_frames,phase_place_valid_frame_ratio,phase_place_activation_lt_0_20m,phase_spread_active_phase_count,suspicious_self_sensing,suspicious_reason
house_1,link1_sensor_1,link1,745,745,1.0,0.0,0.0,0.0,0.0,0.0,0.0,0.0,0.0,0.0,0.9550073085215267,6.636422326584402e-05,0.9549166917800903,0.9549963474273682,0.9551442384719848,0.9548656940460205,5.996451244193982e-05,2.7731060981750488e-05,0.0,0.0,0.0,11,11,1.0,0.0,276,276,1.0,0.0,458,458,1.0,0.0,0,0,,,0,0,,,0,True,extremely_low_frame_to_frame_variation
house_1,link1_sensor_5,link1,745,745,1.0,1.0,1.0,0.0,0.0,0.0,1.0,1.0,0.0,0.0,0.18646625562402222,5.297755002289521e-06,0.18645978569984437,0.1864655613899231,0.1864780068397522,0.18645888566970825,4.866714995438031e-06,2.168118953704834e-06,1.0,1.0,0.0,11,11,1.0,1.0,276,276,1.0,1.0,458,458,1.0,1.0,0,0,,,0,0,,,3,True,activation_lt_0_20m_close_to_1;extremely_low_frame_to_frame_variation
house_6,link1_sensor_1,link1,612,612,1.0,0.0,0.0,0.0,0.0,0.0,0.0,0.0,0.0,0.0,0.9549874005948795,5.2517362464214485e-05,0.9549159049987793,0.9549803733825684,0.9550829023122788,0.9548798203468323,5.045112109133656e-05,3.071129322052002e-05,0.0,0.0,0.0,7,7,1.0,0.0,266,266,1.0,0.0,339,339,1.0,0.0,0,0,,,0,0,,,0,True,extremely_low_frame_to_frame_variation
house_6,link1_sensor_5,link1,612,612,1.0,1.0,1.0,0.0,0.0,0.0,1.0,1.0,0.0,0.0,0.18646626254799317,4.907828388608265e-06,0.18645961582660675,0.18646559864282608,0.18647547736763953,0.18645858764648438,4.1853566409722e-06,3.1962990760803223e-06,1.0,1.0,0.0,7,7,1.0,1.0,266,266,1.0,1.0,339,339,1.0,1.0,0,0,,,0,0,,,2,True,activation_lt_0_20m_close_to_1;extremely_low_frame_to_frame_variation
house_7,link1_sensor_1,link1,729,729,1.0,0.0,0.0,0.0,0.0,0.0,0.0,0.0,0.0,0.0,0.9549927767085113,5.938126540288072e-05,0.9549111723899841,0.9549832940101624,0.9551173448562622,0.9548629522323608,5.856692305920331e-05,3.3468008041381836e-05,0.0,0.0,0.0,18,18,1.0,0.0,346,346,1.0,0.0,365,365,1.0,0.0,0,0,,,0,0,,,0,True,extremely_low_frame_to_frame_variation
house_7,link1_sensor_5,link1,729,729,1.0,1.0,1.0,0.0,0.0,0.0,1.0,1.0,0.0,0.0,0.1864651844048533,4.52224536110998e-06,0.18645980954170227,0.18646417558193207,0.18647409081459046,0.18645890057086945,3.996991316703291e-06,2.7194619178771973e-06,1.0,1.0,0.0,18,18,1.0,1.0,346,346,1.0,1.0,365,365,1.0,1.0,0,0,,,0,0,,,3,True,activation_lt_0_20m_close_to_1;extremely_low_frame_to_frame_variation
house_8,link1_sensor_5,link1,1206,1206,1.0,1.0,1.0,0.0,0.0,0.0,1.0,1.0,0.0,0.0,0.18646564218485928,4.312061096613777e-06,0.18645989149808884,0.18646516650915146,0.18647387251257896,0.18645864725112915,4.190538391306473e-06,2.6673078536987305e-06,,1.0,,27,27,1.0,1.0,395,395,1.0,1.0,784,784,1.0,1.0,0,0,,,0,0,,,3,True,activation_lt_0_20m_close_to_1;extremely_low_frame_to_frame_variation
house_10,link1_sensor_1,link1,610,610,1.0,0.0,0.0,0.0,0.0,0.0,0.0,0.0,0.0,0.0,0.9549931553543591,5.3949529991132735e-05,0.9549213796854019,0.9549857974052429,0.9550985097885132,0.9548590183258057,4.778862312203361e-05,3.3095479011535645e-05,0.0,0.0,0.0,5,5,1.0,0.0,233,233,1.0,0.0,372,372,1.0,0.0,0,0,,,0,0,,,0,True,extremely_low_frame_to_frame_variation
house_10,link1_sensor_5,link1,610,610,1.0,1.0,1.0,0.0,0.0,0.0,1.0,1.0,0.0,0.0,0.1864659379495949,4.517808008330093e-06,0.1864598959684372,0.1864655613899231,0.18647422194480895,0.1864587962627411,4.243968767195331e-06,2.9169023036956787e-06,1.0,1.0,0.0,5,5,1.0,1.0,233,233,1.0,1.0,372,372,1.0,1.0,0,0,,,0,0,,,2,True,activation_lt_0_20m_close_to_1;extremely_low_frame_to_frame_variation
house_11,link1_sensor_1,link1,149,149,1.0,0.0,0.0,0.0,0.0,0.0,0.0,0.0,0.0,0.0,0.9549981471676154,6.586259819874362e-05,0.9548979997634888,0.9549906253814697,0.9551225543022156,0.9548686742782593,6.728441143243981e-05,4.163384437561035e-05,0.0,0.0,0.0,7,7,1.0,0.0,105,105,1.0,0.0,37,37,1.0,0.0,0,0,,,0,0,,,0,True,extremely_low_frame_to_frame_variation
house_11,link1_sensor_2,link1,149,149,1.0,0.0,0.0,0.0,0.0,0.0,0.0,0.0,0.0,0.0,1.7122821663850105,0.03139831208891875,1.663021206855774,1.7295061349868774,1.7348011493682862,1.662774682044983,0.00916999497055549,4.684925079345703e-05,0.0,0.0,0.0,7,7,1.0,0.0,105,105,1.0,0.0,37,37,1.0,0.0,0,0,,,0,0,,,0,True,extremely_low_frame_to_frame_variation
house_11,link1_sensor_5,link1,149,149,1.0,1.0,1.0,0.0,0.0,0.0,1.0,1.0,0.0,0.0,0.18646731452653872,5.149456601681137e-06,0.18646007478237153,0.18646718561649323,0.1864756464958191,0.18645918369293213,4.742802925683916e-06,3.6507844924926758e-06,1.0,1.0,0.0,7,7,1.0,1.0,105,105,1.0,1.0,37,37,1.0,1.0,0,0,,,0,0,,,2,True,activation_lt_0_20m_close_to_1;extremely_low_frame_to_frame_variation
house_12,link1_sensor_1,link1,685,685,1.0,0.0,0.0,0.0,0.0,0.0,0.0,0.0,0.0,0.0,0.9549900362961484,5.770201460530711e-05,0.9549086093902588,0.9549814462661743,0.9550882577896118,0.9548509120941162,5.2906368695718404e-05,3.9905309677124023e-05,0.0,0.0,0.0,19,19,1.0,0.0,330,330,1.0,0.0,336,336,1.0,0.0,0,0,,,0,0,,,0,True,extremely_low_frame_to_frame_variation
house_12,link1_sensor_5,link1,685,685,1.0,1.0,1.0,0.0,0.0,0.0,1.0,1.0,0.0,0.0,0.18646570476737334,4.528137260253641e-06,0.18645967841148375,0.18646501004695892,0.18647409081459046,0.18645894527435303,4.465504918105293e-06,3.28943133354187e-06,1.0,1.0,0.0,19,19,1.0,1.0,330,330,1.0,1.0,336,336,1.0,1.0,0,0,,,0,0,,,3,True,activation_lt_0_20m_close_to_1;extremely_low_frame_to_frame_variation
house_13,link1_sensor_1,link1,726,726,1.0,0.0,0.0,0.0,0.0,0.0,0.0,0.0,0.0,0.0,0.954987381608033,5.9136832763578735e-05,0.9549034982919693,0.9549790620803833,0.9550946354866028,0.9548588395118713,5.488437781307474e-05,3.363192081451416e-05,0.0,0.0,0.0,9,9,1.0,0.0,307,307,1.0,0.0,410,410,1.0,0.0,0,0,,,0,0,,,0,True,extremely_low_frame_to_frame_variation
house_13,link1_sensor_5,link1,726,726,1.0,1.0,1.0,0.0,0.0,0.0,1.0,1.0,0.0,0.0,0.1864654928158466,4.548379531411776e-06,0.18645981326699257,0.1864645630121231,0.1864737570285797,0.1864587515592575,3.6584687127725345e-06,2.3245811462402344e-06,1.0,1.0,0.0,9,9,1.0,1.0,307,307,1.0,1.0,410,410,1.0,1.0,0,0,,,0,0,,,2,True,activation_lt_0_20m_close_to_1;extremely_low_frame_to_frame_variation
house_14,link1_sensor_1,link1,608,608,1.0,0.0,0.0,0.0,0.0,0.0,0.0,0.0,0.0,0.0,0.9549994059887372,5.344800328253563e-05,0.9549221247434616,0.9549946486949921,0.9550878137350083,0.954832911491394,5.625092400897995e-05,3.361701965332031e-05,0.0,0.0,0.0,16,16,1.0,0.0,313,313,1.0,0.0,279,279,1.0,0.0,0,0,,,0,0,,,0,True,extremely_low_frame_to_frame_variation
house_14,link1_sensor_5,link1,608,608,1.0,1.0,1.0,0.0,0.0,0.0,1.0,1.0,0.0,0.0,0.18646510163518162,4.518613953551476e-06,0.18645963594317436,0.18646417558193207,0.18647363111376764,0.18645864725112915,4.175586569928173e-06,2.7194619178771973e-06,1.0,1.0,0.0,16,16,1.0,1.0,313,313,1.0,1.0,279,279,1.0,1.0,0,0,,,0,0,,,3,True,activation_lt_0_20m_close_to_1;extremely_low_frame_to_frame_variation
house_15,link1_sensor_1,link1,895,895,1.0,0.0,0.0,0.0,0.0,0.0,0.0,0.0,0.0,0.0,0.9550080455215284,6.861619860149778e-05,0.9549182057380676,0.9549946188926697,0.9551275432109833,0.954840898513794,6.320170722694055e-05,2.925097942352295e-05,0.0,0.0,0.0,17,17,1.0,0.0,353,353,1.0,0.0,525,525,1.0,0.0,0,0,,,0,0,,,0,True,extremely_low_frame_to_frame_variation
house_15,link1_sensor_5,link1,895,895,1.0,1.0,1.0,0.0,0.0,0.0,1.0,1.0,0.0,0.0,0.18646636357187557,5.482785879242478e-06,0.18645980060100556,0.18646515905857086,0.1864786133170128,0.18645893037319183,5.493616426642407e-06,2.298504114151001e-06,1.0,1.0,0.0,17,17,1.0,1.0,353,353,1.0,1.0,525,525,1.0,1.0,0,0,,,0,0,,,3,True,activation_lt_0_20m_close_to_1;extremely_low_frame_to_frame_variation
house_16,link1_sensor_1,link1,737,737,1.0,0.0,0.0,0.0,0.0,0.0,0.0,0.0,0.0,0.0,0.9550078015476263,6.262279195052901e-05,0.9549184679985047,0.9549998641014099,0.9551226615905761,0.9548718333244324,6.029296299164995e-05,3.0472874641418457e-05,0.0,0.0,0.0,21,21,1.0,0.0,379,379,1.0,0.0,337,337,1.0,0.0,0,0,,,0,0,,,0,True,extremely_low_frame_to_frame_variation
house_16,link1_sensor_5,link1,737,737,1.0,1.0,1.0,0.0,0.0,0.0,1.0,1.0,0.0,0.0,0.18646628135661097,4.6034156407854975e-06,0.1864597648382187,0.1864660382270813,0.18647505342960358,0.18645888566970825,4.3663942268053854e-06,2.652406692504883e-06,1.0,1.0,0.0,21,21,1.0,1.0,379,379,1.0,1.0,337,337,1.0,1.0,0,0,,,0,0,,,3,True,activation_lt_0_20m_close_to_1;extremely_low_frame_to_frame_variation
house_17,link1_sensor_1,link1,808,808,1.0,0.0,0.0,0.0,0.0,0.0,0.0,0.0,0.0,0.0,0.9550030349504829,5.744736974360048e-05,0.9549152493476868,0.9549961388111115,0.955101016163826,0.9548571705818176,5.4564389339907226e-05,3.618001937866211e-05,0.0,0.0,0.0,18,18,1.0,0.0,356,356,1.0,0.0,434,434,1.0,0.0,0,0,,,0,0,,,0,True,extremely_low_frame_to_frame_variation
house_17,link1_sensor_5,link1,808,808,1.0,1.0,1.0,0.0,0.0,0.0,1.0,1.0,0.0,0.0,0.18646572104258702,4.471729789693019e-06,0.18645967543125153,0.18646502494812012,0.1864742234349251,0.1864587813615799,4.189845087330203e-06,3.0584633350372314e-06,1.0,1.0,0.0,18,18,1.0,1.0,356,356,1.0,1.0,434,434,1.0,1.0,0,0,,,0,0,,,3,True,activation_lt_0_20m_close_to_1;extremely_low_frame_to_frame_variation
house_18,link1_sensor_1,link1,791,791,1.0,0.0,0.0,0.0,0.0,0.0,0.0,0.0,0.0,0.0,0.9549910011695398,5.0778821486303726e-05,0.9549199938774109,0.9549849629402161,0.9550875127315521,0.9548513889312744,4.880987311916585e-05,3.75211238861084e-05,0.0,0.0,0.0,25,25,1.0,0.0,342,342,1.0,0.0,424,424,1.0,0.0,0,0,,,0,0,,,0,True,extremely_low_frame_to_frame_variation
house_18,link1_sensor_5,link1,791,791,1.0,1.0,1.0,0.0,0.0,0.0,1.0,1.0,0.0,0.0,0.18646468225908944,3.885889243893052e-06,0.1864595040678978,0.1864640861749649,0.1864718496799469,0.1864585429430008,3.679910511988e-06,3.248453140258789e-06,1.0,1.0,0.0,25,25,1.0,1.0,342,342,1.0,1.0,424,424,1.0,1.0,0,0,,,0,0,,,3,True,activation_lt_0_20m_close_to_1;extremely_low_frame_to_frame_variation
house_19,link1_sensor_1,link1,462,462,1.0,0.0,0.0,0.0,0.0,0.0,0.0,0.0,0.0,0.0,0.954988545411593,5.179588513880522e-05,0.9549184620380402,0.9549842178821564,0.9550755232572555,0.9548684358596802,4.875488556484852e-05,3.445148468017578e-05,0.0,0.0,0.0,9,9,1.0,0.0,206,206,1.0,0.0,247,247,1.0,0.0,0,0,,,0,0,,,0,True,extremely_low_frame_to_frame_variation
house_19,link1_sensor_5,link1,462,462,1.0,1.0,1.0,0.0,0.0,0.0,1.0,1.0,0.0,0.0,0.18646516744450573,4.3444215829936315e-06,0.18645952716469766,0.18646442145109177,0.18647253438830375,0.1864587813615799,4.036736300838695e-06,3.4123659133911133e-06,1.0,1.0,0.0,9,9,1.0,1.0,206,206,1.0,1.0,247,247,1.0,1.0,0,0,,,0,0,,,2,True,activation_lt_0_20m_close_to_1;extremely_low_frame_to_frame_variation
house_20,link1_sensor_1,link1,790,790,1.0,0.0,0.0,0.0,0.0,0.0,0.0,0.0,0.0,0.0,0.9549959400032141,5.994584100115701e-05,0.9549148499965667,0.9549858570098877,0.9551205694675445,0.9548589587211609,5.487638192121102e-05,3.71783971786499e-05,0.0,0.0,0.0,21,21,1.0,0.0,328,328,1.0,0.0,441,441,1.0,0.0,0,0,,,0,0,,,0,True,extremely_low_frame_to_frame_variation
house_20,link1_sensor_5,link1,790,790,1.0,1.0,1.0,0.0,0.0,0.0,1.0,1.0,0.0,0.0,0.18646621025061305,4.96504489860034e-06,0.1864599883556366,0.186465322971344,0.18647573217749597,0.1864587366580963,4.640843758543221e-06,2.868473529815674e-06,1.0,1.0,0.0,21,21,1.0,1.0,328,328,1.0,1.0,441,441,1.0,1.0,0,0,,,0,0,,,3,True,activation_lt_0_20m_close_to_1;extremely_low_frame_to_frame_variation
house_21,link1_sensor_1,link1,794,794,1.0,0.0,0.0,0.0,0.0,0.0,0.0,0.0,0.0,0.0,0.9549910285761134,5.642589221078385e-05,0.9549118429422379,0.954984188079834,0.9550895363092422,0.9548510909080505,5.3353763059662734e-05,3.46451997756958e-05,0.0,0.0,0.0,11,11,1.0,0.0,296,296,1.0,0.0,487,487,1.0,0.0,0,0,,,0,0,,,0,True,extremely_low_frame_to_frame_variation
house_21,link1_sensor_5,link1,794,794,1.0,1.0,1.0,0.0,0.0,0.0,1.0,1.0,0.0,0.0,0.18646528526802808,4.300060919379868e-06,0.18645980954170227,0.18646453320980072,0.18647241592407227,0.1864587515592575,3.7423344386070528e-06,3.2335519790649414e-06,1.0,1.0,0.0,11,11,1.0,1.0,296,296,1.0,1.0,487,487,1.0,1.0,0,0,,,0,0,,,3,True,activation_lt_0_20m_close_to_1;extremely_low_frame_to_frame_variation
house_22,link1_sensor_1,link1,826,826,1.0,0.0,0.0,0.0,0.0,0.0,0.0,0.0,0.0,0.0,0.9549935373497933,5.6445975960764996e-05,0.9549198299646378,0.9549845457077026,0.955107256770134,0.9548715353012085,5.267883846456487e-05,3.159046173095703e-05,0.0,0.0,0.0,16,16,1.0,0.0,308,308,1.0,0.0,502,502,1.0,0.0,0,0,,,0,0,,,0,True,extremely_low_frame_to_frame_variation
house_22,link1_sensor_5,link1,826,826,1.0,1.0,1.0,0.0,0.0,0.0,1.0,1.0,0.0,0.0,0.18646642758756804,5.061811042843529e-06,0.1864599585533142,0.1864655613899231,0.1864757463335991,0.1864585429430008,4.467513175884509e-06,2.5480985641479492e-06,1.0,1.0,0.0,16,16,1.0,1.0,308,308,1.0,1.0,502,502,1.0,1.0,0,0,,,0,0,,,3,True,activation_lt_0_20m_close_to_1;extremely_low_frame_to_frame_variation
house_23,link1_sensor_1,link1,709,709,1.0,0.0,0.0,0.0,0.0,0.0,0.0,0.0,0.0,0.0,0.9550029236103482,6.28469694783825e-05,0.954913318157196,0.9549979567527771,0.955116868019104,0.9548668265342712,5.586534823952112e-05,3.1948089599609375e-05,0.0,0.0,0.0,13,13,1.0,0.0,287,287,1.0,0.0,409,409,1.0,0.0,0,0,,,0,0,,,0,True,extremely_low_frame_to_frame_variation
house_23,link1_sensor_5,link1,709,709,1.0,1.0,1.0,0.0,0.0,0.0,1.0,1.0,0.0,0.0,0.18646615113122508,5.3472382779638185e-06,0.18645964562892914,0.18646526336669922,0.18647773563861847,0.18645869195461273,4.676044470496115e-06,2.6673078536987305e-06,1.0,1.0,0.0,13,13,1.0,1.0,287,287,1.0,1.0,409,409,1.0,1.0,0,0,,,0,0,,,3,True,activation_lt_0_20m_close_to_1;extremely_low_frame_to_frame_variation
